model,run,logdir,gpus,mean_gpu_watt,mean_cpu_watt,mean_total_watt,total_watt,total_watt_cpu,total_watt_gpu,total_time,mean_time,n_gpu_points,n_cpu_points
gigapath,pytorchgigapathgpu1bs128,/terrahome/backup-5feb/pytorchgigapathgpu1bs128,1,340.4,219.75,560.15,2581.0,879.0,1702.0,585.8293342590332,117.16586685180664,5,4
gigapath,pytorchgigapathgpu1bs128inferenceonly,/terrahome/backup-5feb/pytorchgigapathgpu1bs128inferenceonly,1,339.4,199.75,539.15,2496.0,799.0,1697.0,569.7732009887695,113.9546401977539,5,4
gigapath,pytorchgigapathgpu1bs256,/terrahome/backup-5feb/pytorchgigapathgpu1bs256,1,337.4,221.5,558.9,2573.0,886.0,1687.0,572.8002967834473,114.56005935668945,5,4
gigapath,pytorchgigapathgpu1bs256inferenceonly,/terrahome/backup-5feb/pytorchgigapathgpu1bs256inferenceonly,1,340.8,198.0,538.8,2694.0,990.0,1704.0,569.8642807006836,113.97285614013671,5,5
gigapath,pytorchgigapathgpu1bs32,/terrahome/backup-5feb/pytorchgigapathgpu1bs32,1,332.6,227.0,559.6,2571.0,908.0,1663.0,581.4096374511719,116.28192749023438,5,4
gigapath,pytorchgigapathgpu1bs32inferenceonly,/terrahome/backup-5feb/pytorchgigapathgpu1bs32inferenceonly,1,331.4,204.0,535.4,2677.0,1020.0,1657.0,567.9427070617676,113.58854141235352,5,5
gigapath,pytorchgigapathgpu1bs64,/terrahome/backup-5feb/pytorchgigapathgpu1bs64,1,340.0,222.6,562.6,2813.0,1113.0,1700.0,601.1393165588379,120.22786331176758,5,5
gigapath,pytorchgigapathgpu1bs64inferenceonly,/terrahome/backup-5feb/pytorchgigapathgpu1bs64inferenceonly,1,332.2,201.6,533.8,2669.0,1008.0,1661.0,578.6622734069824,115.73245468139649,5,5
gigapath,pytorchgigapathgpu2bs128,/terrahome/backup-5feb/pytorchgigapathgpu2bs128,2,653.4,245.0,898.4,4492.0,1225.0,3267.0,284.83946990966797,56.96789398193359,5,5
gigapath,pytorchgigapathgpu2bs128inferenceonly,/terrahome/backup-5feb/pytorchgigapathgpu2bs128inferenceonly,2,651.6,208.5,860.1,4092.0,834.0,3258.0,277.9392795562744,55.587855911254884,5,4
gigapath,pytorchgigapathgpu2bs256,/terrahome/backup-5feb/pytorchgigapathgpu2bs256,2,645.0,243.2,888.2,4441.0,1216.0,3225.0,287.47260665893555,57.49452133178711,5,5
gigapath,pytorchgigapathgpu2bs256inferenceonly,/terrahome/backup-5feb/pytorchgigapathgpu2bs256inferenceonly,2,655.4,205.75,861.15,4100.0,823.0,3277.0,279.63756370544434,55.92751274108887,5,4
gigapath,pytorchgigapathgpu2bs32,/terrahome/backup-5feb/pytorchgigapathgpu2bs32,2,645.0,254.2,899.2,4496.0,1271.0,3225.0,288.1889533996582,57.63779067993164,5,5
gigapath,pytorchgigapathgpu2bs32inferenceonly,/terrahome/backup-5feb/pytorchgigapathgpu2bs32inferenceonly,2,644.4,211.0,855.4,4277.0,1055.0,3222.0,279.5653533935547,55.91307067871094,5,5
gigapath,pytorchgigapathgpu2bs64,/terrahome/backup-5feb/pytorchgigapathgpu2bs64,2,649.6,246.25,895.85,4233.0,985.0,3248.0,292.7531433105469,58.550628662109375,5,4
gigapath,pytorchgigapathgpu2bs64inferenceonly,/terrahome/backup-5feb/pytorchgigapathgpu2bs64inferenceonly,2,650.4,208.8,859.2,4296.0,1044.0,3252.0,284.5799217224121,56.915984344482425,5,5
gigapath,pytorchgigapathgpu4bs128,/terrahome/backup-5feb/pytorchgigapathgpu4bs128,4,1253.2,296.0,1549.2,7746.0,1480.0,6266.0,141.53093719482422,28.306187438964844,5,5
gigapath,pytorchgigapathgpu4bs128inferenceonly,/terrahome/backup-5feb/pytorchgigapathgpu4bs128inferenceonly,4,1264.8,228.4,1493.2,7466.0,1142.0,6324.0,138.0920066833496,27.618401336669923,5,5
gigapath,pytorchgigapathgpu4bs256,/terrahome/backup-5feb/pytorchgigapathgpu4bs256,4,1230.4,291.2,1521.6000000000001,7608.0,1456.0,6152.0,143.16996383666992,28.633992767333986,5,5
gigapath,pytorchgigapathgpu4bs256inferenceonly,/terrahome/backup-5feb/pytorchgigapathgpu4bs256inferenceonly,4,1277.0,227.0,1504.0,7520.0,1135.0,6385.0,137.88115310668945,27.576230621337892,5,5
gigapath,pytorchgigapathgpu4bs32,/terrahome/backup-5feb/pytorchgigapathgpu4bs32,4,1246.4,307.2,1553.6000000000001,7768.0,1536.0,6232.0,141.2359161376953,28.24718322753906,5,5
gigapath,pytorchgigapathgpu4bs32inferenceonly,/terrahome/backup-5feb/pytorchgigapathgpu4bs32inferenceonly,4,1254.0,229.8,1483.8,7419.0,1149.0,6270.0,138.24166107177734,27.64833221435547,5,5
gigapath,pytorchgigapathgpu4bs64,/terrahome/backup-5feb/pytorchgigapathgpu4bs64,4,1260.4,301.6,1562.0,7810.0,1508.0,6302.0,143.70837211608887,28.741674423217773,5,5
gigapath,pytorchgigapathgpu4bs64inferenceonly,/terrahome/backup-5feb/pytorchgigapathgpu4bs64inferenceonly,4,1268.2,228.0,1496.2,7481.0,1140.0,6341.0,140.67364311218262,28.134728622436523,5,5
gigapath,pytorchgigapathgpu6bs128,/terrahome/backup-5feb/pytorchgigapathgpu6bs128,6,1820.8,339.8,2160.6,10803.0,1699.0,9104.0,94.96243667602539,18.992487335205077,5,5
gigapath,pytorchgigapathgpu6bs128inferenceonly,/terrahome/backup-5feb/pytorchgigapathgpu6bs128inferenceonly,6,1866.4,246.5,2112.9,10318.0,986.0,9332.0,92.15085983276367,18.430171966552734,5,4
gigapath,pytorchgigapathgpu6bs256,/terrahome/backup-5feb/pytorchgigapathgpu6bs256,6,1705.2,329.5,2034.7,9844.0,1318.0,8526.0,105.13364505767822,21.026729011535643,5,4
gigapath,pytorchgigapathgpu6bs256inferenceonly,/terrahome/backup-5feb/pytorchgigapathgpu6bs256inferenceonly,6,1862.8,242.2,2105.0,10525.0,1211.0,9314.0,91.96770095825195,18.39354019165039,5,5
gigapath,pytorchgigapathgpu6bs32,/terrahome/backup-5feb/pytorchgigapathgpu6bs32,6,1799.2,348.75,2147.95,10391.0,1395.0,8996.0,96.65163898468018,19.330327796936036,5,4
gigapath,pytorchgigapathgpu6bs32inferenceonly,/terrahome/backup-5feb/pytorchgigapathgpu6bs32inferenceonly,6,1854.6,238.2,2092.7999999999997,10464.0,1191.0,9273.0,92.91430807113647,18.582861614227294,5,5
gigapath,pytorchgigapathgpu6bs64,/terrahome/backup-5feb/pytorchgigapathgpu6bs64,6,1821.4,346.6,2168.0,10840.0,1733.0,9107.0,97.26644802093506,19.453289604187013,5,5
gigapath,pytorchgigapathgpu6bs64inferenceonly,/terrahome/backup-5feb/pytorchgigapathgpu6bs64inferenceonly,6,1865.8,240.4,2106.2,10531.0,1202.0,9329.0,94.2944688796997,18.85889377593994,5,5
gigapath,pytorchgigapathgpu8bs128,/terrahome/backup-5feb/pytorchgigapathgpu8bs128,8,2233.6,360.2,2593.7999999999997,12969.0,1801.0,11168.0,79.9740800857544,15.994816017150878,5,5
gigapath,pytorchgigapathgpu8bs128inferenceonly,/terrahome/backup-5feb/pytorchgigapathgpu8bs128inferenceonly,8,2457.8,255.4,2713.2000000000003,13566.0,1277.0,12289.0,69.34479284286499,13.868958568572998,5,5
gigapath,pytorchgigapathgpu8bs256,/terrahome/backup-5feb/pytorchgigapathgpu8bs256,8,2241.6,360.0,2601.6,13008.0,1800.0,11208.0,78.03104782104492,15.606209564208985,5,5
gigapath,pytorchgigapathgpu8bs256inferenceonly,/terrahome/backup-5feb/pytorchgigapathgpu8bs256inferenceonly,8,2336.0,267.0,2603.0,13015.0,1335.0,11680.0,74.9887638092041,14.99775276184082,5,5
gigapath,pytorchgigapathgpu8bs32,/terrahome/backup-5feb/pytorchgigapathgpu8bs32,8,2172.8,376.5,2549.3,12370.0,1506.0,10864.0,82.21527576446533,16.443055152893066,5,4
gigapath,pytorchgigapathgpu8bs32inferenceonly,/terrahome/backup-5feb/pytorchgigapathgpu8bs32inferenceonly,8,2379.8,250.0,2629.8,13149.0,1250.0,11899.0,71.30242156982422,14.260484313964843,5,5
gigapath,pytorchgigapathgpu8bs64,/terrahome/backup-5feb/pytorchgigapathgpu8bs64,8,2323.6,382.4,2706.0,13530.0,1912.0,11618.0,75.51853561401367,15.103707122802735,5,5
gigapath,pytorchgigapathgpu8bs64inferenceonly,/terrahome/backup-5feb/pytorchgigapathgpu8bs64inferenceonly,8,2404.6,249.4,2654.0,13270.0,1247.0,12023.0,71.67431735992432,14.334863471984864,5,5
gigapath,tritongigapath_trt_uint8gpu1bs128,/terrahome/backup-5feb/tritongigapath_trt_uint8gpu1bs128,1,347.6,207.25,554.85,2567.0,829.0,1738.0,1123.170181274414,224.6340362548828,5,4
gigapath,tritongigapath_trt_uint8gpu1bs128inferenceonly,/terrahome/backup-5feb/tritongigapath_trt_uint8gpu1bs128inferenceonly,1,347.8,195.6,543.4,2717.0,978.0,1739.0,1105.9485931396484,221.1897186279297,5,5
gigapath,tritongigapath_trt_uint8gpu1bs256,/terrahome/backup-5feb/tritongigapath_trt_uint8gpu1bs256,1,347.0,207.0,554.0,901.0,207.0,694.0,575.8009185791016,287.9004592895508,2,1
gigapath,tritongigapath_trt_uint8gpu1bs256inferenceonly,/terrahome/backup-5feb/tritongigapath_trt_uint8gpu1bs256inferenceonly,1,347.6,196.75,544.35,2525.0,787.0,1738.0,1108.9358215332031,221.78716430664062,5,4
gigapath,tritongigapath_trt_uint8gpu1bs32,/terrahome/backup-5feb/tritongigapath_trt_uint8gpu1bs32,1,347.4,210.0,557.4,2787.0,1050.0,1737.0,1079.0434875488281,215.80869750976564,5,5
gigapath,tritongigapath_trt_uint8gpu1bs32inferenceonly,/terrahome/backup-5feb/tritongigapath_trt_uint8gpu1bs32inferenceonly,1,346.8,195.4,542.2,2711.0,977.0,1734.0,1052.149642944336,210.4299285888672,5,5
gigapath,tritongigapath_trt_uint8gpu1bs64,/terrahome/backup-5feb/tritongigapath_trt_uint8gpu1bs64,1,347.4,208.5,555.9,2571.0,834.0,1737.0,1121.968978881836,224.3937957763672,5,4
gigapath,tritongigapath_trt_uint8gpu1bs64inferenceonly,/terrahome/backup-5feb/tritongigapath_trt_uint8gpu1bs64inferenceonly,1,347.8,196.0,543.8,2327.0,588.0,1739.0,1100.425552368164,220.08511047363282,5,3
gigapath,tritongigapath_trt_uint8gpu2bs128,/terrahome/backup-5feb/tritongigapath_trt_uint8gpu2bs128,2,676.4,220.8,897.2,4486.0,1104.0,3382.0,534.5528373718262,106.91056747436524,5,5
gigapath,tritongigapath_trt_uint8gpu2bs256,/terrahome/backup-5feb/tritongigapath_trt_uint8gpu2bs256,2,668.4,219.66666666666666,888.0666666666666,4001.0,659.0,3342.0,572.8858871459961,114.57717742919922,5,3
gigapath,tritongigapath_trt_uint8gpu2bs32,/terrahome/backup-5feb/tritongigapath_trt_uint8gpu2bs32,2,687.0,225.5,912.5,4337.0,902.0,3435.0,494.57898712158203,98.91579742431641,5,4
gigapath,tritongigapath_trt_uint8gpu4bs128,/terrahome/backup-5feb/tritongigapath_trt_uint8gpu4bs128,4,1321.8,249.6,1571.3999999999999,7857.0,1248.0,6609.0,276.34302520751953,55.2686050415039,5,5
gigapath,tritongigapath_trt_uint8gpu4bs256,/terrahome/backup-5feb/tritongigapath_trt_uint8gpu4bs256,4,1310.0,249.6,1559.6,7798.0,1248.0,6550.0,275.7183723449707,55.14367446899414,5,5
gigapath,tritongigapath_trt_uint8gpu4bs32,/terrahome/backup-5feb/tritongigapath_trt_uint8gpu4bs32,4,1339.8,255.2,1595.0,7975.0,1276.0,6699.0,250.0632381439209,50.01264762878418,5,5
gigapath,tritongigapath_trt_uint8gpu4bs64,/terrahome/backup-5feb/tritongigapath_trt_uint8gpu4bs64,4,1337.2,251.2,1588.4,7942.0,1256.0,6686.0,268.4878330230713,53.69756660461426,5,5
gigapath,tritongigapath_trt_uint8gpu6bs128,/terrahome/backup-5feb/tritongigapath_trt_uint8gpu6bs128,6,1919.6,271.5,2191.1,10684.0,1086.0,9598.0,185.71200370788574,37.14240074157715,5,4
gigapath,tritongigapath_trt_uint8gpu6bs256,/terrahome/backup-5feb/tritongigapath_trt_uint8gpu6bs256,6,1908.0,278.4,2186.4,10932.0,1392.0,9540.0,187.9874382019043,37.59748764038086,5,5
gigapath,tritongigapath_trt_uint8gpu6bs32,/terrahome/backup-5feb/tritongigapath_trt_uint8gpu6bs32,6,1974.0,284.6,2258.6,11293.0,1423.0,9870.0,164.60780143737793,32.921560287475586,5,5
gigapath,tritongigapath_trt_uint8gpu6bs64,/terrahome/backup-5feb/tritongigapath_trt_uint8gpu6bs64,6,1968.4,277.25,2245.65,10951.0,1109.0,9842.0,177.22079849243164,35.44415969848633,5,4
gigapath,tritongigapath_trt_uint8gpu8bs128,/terrahome/backup-5feb/tritongigapath_trt_uint8gpu8bs128,8,2518.6,292.0,2810.6,14053.0,1460.0,12593.0,139.39583587646484,27.87916717529297,5,5
gigapath,tritongigapath_trt_uint8gpu8bs128inferenceonly,/terrahome/backup-5feb/tritongigapath_trt_uint8gpu8bs128inferenceonly,8,2555.0,215.8,2770.8,13854.0,1079.0,12775.0,129.1924409866333,25.83848819732666,5,5
gigapath,tritongigapath_trt_uint8gpu8bs256,/terrahome/backup-5feb/tritongigapath_trt_uint8gpu8bs256,8,2441.4,304.8,2746.2000000000003,13731.0,1524.0,12207.0,130.97073554992676,26.19414710998535,5,5
gigapath,tritongigapath_trt_uint8gpu8bs32,/terrahome/backup-5feb/tritongigapath_trt_uint8gpu8bs32,8,2626.0,313.6,2939.6,14698.0,1568.0,13130.0,121.53109359741211,24.306218719482423,5,5
gigapath,tritongigapath_trt_uint8gpu8bs64,/terrahome/backup-5feb/tritongigapath_trt_uint8gpu8bs64,8,2630.4,305.4,2935.8,14679.0,1527.0,13152.0,130.26279830932617,26.052559661865235,5,5
gigapath,tritongigapath_trt_uint8multiusergpu1c10n1,/terrahome/backup-5feb/tritongigapath_trt_uint8multiusergpu1c10n1,1,,204.5,,409.0,409.0,0.0,6264.6641845703125,1252.9328369140626,0,2
gigapath,tritongigapath_trt_uint8multiusergpu1c10n10,/terrahome/backup-5feb/tritongigapath_trt_uint8multiusergpu1c10n10,1,,204.33333333333334,,613.0,613.0,0.0,6239.2313232421875,1247.8462646484375,0,3
gigapath,tritongigapath_trt_uint8multiusergpu1c10n2,/terrahome/backup-5feb/tritongigapath_trt_uint8multiusergpu1c10n2,1,,204.5,,409.0,409.0,0.0,6254.4801025390625,1250.8960205078124,0,2
gigapath,tritongigapath_trt_uint8multiusergpu1c10n3,/terrahome/backup-5feb/tritongigapath_trt_uint8multiusergpu1c10n3,1,,204.33333333333334,,613.0,613.0,0.0,6244.3743896484375,1248.8748779296875,0,3
gigapath,tritongigapath_trt_uint8multiusergpu1c10n4,/terrahome/backup-5feb/tritongigapath_trt_uint8multiusergpu1c10n4,1,,204.33333333333334,,613.0,613.0,0.0,6224.28564453125,1244.85712890625,0,3
gigapath,tritongigapath_trt_uint8multiusergpu1c10n5,/terrahome/backup-5feb/tritongigapath_trt_uint8multiusergpu1c10n5,1,,204.5,,409.0,409.0,0.0,6259.8863525390625,1251.9772705078126,0,2
gigapath,tritongigapath_trt_uint8multiusergpu1c10n6,/terrahome/backup-5feb/tritongigapath_trt_uint8multiusergpu1c10n6,1,,204.33333333333334,,613.0,613.0,0.0,6229.4129638671875,1245.8825927734374,0,3
gigapath,tritongigapath_trt_uint8multiusergpu1c10n7,/terrahome/backup-5feb/tritongigapath_trt_uint8multiusergpu1c10n7,1,,204.33333333333334,,613.0,613.0,0.0,6234.1484375,1246.8296875,0,3
gigapath,tritongigapath_trt_uint8multiusergpu1c10n8,/terrahome/backup-5feb/tritongigapath_trt_uint8multiusergpu1c10n8,1,,204.5,,409.0,409.0,0.0,6249.24951171875,1249.84990234375,0,2
gigapath,tritongigapath_trt_uint8multiusergpu1c10n9,/terrahome/backup-5feb/tritongigapath_trt_uint8multiusergpu1c10n9,1,,204.5,,409.0,409.0,0.0,6269.4476318359375,1253.8895263671875,0,2
gigapath,tritongigapath_trt_uint8multiusergpu2c10n1,/terrahome/backup-5feb/tritongigapath_trt_uint8multiusergpu2c10n1,2,,209.0,,627.0,627.0,0.0,3078.68115234375,615.73623046875,0,3
gigapath,tritongigapath_trt_uint8multiusergpu2c10n10,/terrahome/backup-5feb/tritongigapath_trt_uint8multiusergpu2c10n10,2,,209.0,,627.0,627.0,0.0,3104.7640380859375,620.9528076171875,0,3
gigapath,tritongigapath_trt_uint8multiusergpu2c10n2,/terrahome/backup-5feb/tritongigapath_trt_uint8multiusergpu2c10n2,2,,209.0,,627.0,627.0,0.0,3096.6068115234375,619.3213623046875,0,3
gigapath,tritongigapath_trt_uint8multiusergpu2c10n3,/terrahome/backup-5feb/tritongigapath_trt_uint8multiusergpu2c10n3,2,,209.0,,627.0,627.0,0.0,3091.7654418945312,618.3530883789062,0,3
gigapath,tritongigapath_trt_uint8multiusergpu2c10n4,/terrahome/backup-5feb/tritongigapath_trt_uint8multiusergpu2c10n4,2,,209.0,,627.0,627.0,0.0,3102.2718505859375,620.4543701171875,0,3
gigapath,tritongigapath_trt_uint8multiusergpu2c10n5,/terrahome/backup-5feb/tritongigapath_trt_uint8multiusergpu2c10n5,2,,209.0,,627.0,627.0,0.0,3106.6177368164062,621.3235473632812,0,3
gigapath,tritongigapath_trt_uint8multiusergpu2c10n6,/terrahome/backup-5feb/tritongigapath_trt_uint8multiusergpu2c10n6,2,,209.0,,627.0,627.0,0.0,3083.5211791992188,616.7042358398437,0,3
gigapath,tritongigapath_trt_uint8multiusergpu2c10n7,/terrahome/backup-5feb/tritongigapath_trt_uint8multiusergpu2c10n7,2,,209.0,,627.0,627.0,0.0,3101.699951171875,620.339990234375,0,3
gigapath,tritongigapath_trt_uint8multiusergpu2c10n8,/terrahome/backup-5feb/tritongigapath_trt_uint8multiusergpu2c10n8,2,,209.0,,627.0,627.0,0.0,3093.31103515625,618.66220703125,0,3
gigapath,tritongigapath_trt_uint8multiusergpu2c10n9,/terrahome/backup-5feb/tritongigapath_trt_uint8multiusergpu2c10n9,2,,209.0,,627.0,627.0,0.0,3099.274169921875,619.854833984375,0,3
gigapath,tritongigapath_trt_uint8multiusergpu4c10n1,/terrahome/backup-5feb/tritongigapath_trt_uint8multiusergpu4c10n1,4,,230.8,,1154.0,1154.0,0.0,1483.7860717773438,296.75721435546876,0,5
gigapath,tritongigapath_trt_uint8multiusergpu4c10n10,/terrahome/backup-5feb/tritongigapath_trt_uint8multiusergpu4c10n10,4,,230.6,,1153.0,1153.0,0.0,1491.6953125,298.3390625,0,5
gigapath,tritongigapath_trt_uint8multiusergpu4c10n2,/terrahome/backup-5feb/tritongigapath_trt_uint8multiusergpu4c10n2,4,,230.6,,1153.0,1153.0,0.0,1497.2523498535156,299.4504699707031,0,5
gigapath,tritongigapath_trt_uint8multiusergpu4c10n3,/terrahome/backup-5feb/tritongigapath_trt_uint8multiusergpu4c10n3,4,,230.6,,1153.0,1153.0,0.0,1492.0596313476562,298.41192626953125,0,5
gigapath,tritongigapath_trt_uint8multiusergpu4c10n4,/terrahome/backup-5feb/tritongigapath_trt_uint8multiusergpu4c10n4,4,,230.6,,1153.0,1153.0,0.0,1499.3213806152344,299.86427612304686,0,5
gigapath,tritongigapath_trt_uint8multiusergpu4c10n5,/terrahome/backup-5feb/tritongigapath_trt_uint8multiusergpu4c10n5,4,,230.8,,1154.0,1154.0,0.0,1478.8665771484375,295.7733154296875,0,5
gigapath,tritongigapath_trt_uint8multiusergpu4c10n6,/terrahome/backup-5feb/tritongigapath_trt_uint8multiusergpu4c10n6,4,,230.6,,1153.0,1153.0,0.0,1493.8252868652344,298.7650573730469,0,5
gigapath,tritongigapath_trt_uint8multiusergpu4c10n7,/terrahome/backup-5feb/tritongigapath_trt_uint8multiusergpu4c10n7,4,,230.8,,1154.0,1154.0,0.0,1489.5741577148438,297.9148315429687,0,5
gigapath,tritongigapath_trt_uint8multiusergpu4c10n8,/terrahome/backup-5feb/tritongigapath_trt_uint8multiusergpu4c10n8,4,,230.6,,1153.0,1153.0,0.0,1497.2098999023438,299.4419799804688,0,5
gigapath,tritongigapath_trt_uint8multiusergpu4c10n9,/terrahome/backup-5feb/tritongigapath_trt_uint8multiusergpu4c10n9,4,,230.6,,1153.0,1153.0,0.0,1495.5713806152344,299.11427612304686,0,5
gigapath,tritongigapath_trt_uint8multiusergpu6c10n1,/terrahome/backup-5feb/tritongigapath_trt_uint8multiusergpu6c10n1,6,,231.33333333333334,,694.0,694.0,0.0,990.5032653808594,198.10065307617188,0,3
gigapath,tritongigapath_trt_uint8multiusergpu6c10n10,/terrahome/backup-5feb/tritongigapath_trt_uint8multiusergpu6c10n10,6,,231.0,,693.0,693.0,0.0,997.4602203369141,199.4920440673828,0,3
gigapath,tritongigapath_trt_uint8multiusergpu6c10n2,/terrahome/backup-5feb/tritongigapath_trt_uint8multiusergpu6c10n2,6,,231.0,,693.0,693.0,0.0,997.2563171386719,199.45126342773438,0,3
gigapath,tritongigapath_trt_uint8multiusergpu6c10n3,/terrahome/backup-5feb/tritongigapath_trt_uint8multiusergpu6c10n3,6,,231.33333333333334,,694.0,694.0,0.0,1000.0104217529297,200.00208435058593,0,3
gigapath,tritongigapath_trt_uint8multiusergpu6c10n4,/terrahome/backup-5feb/tritongigapath_trt_uint8multiusergpu6c10n4,6,,231.0,,693.0,693.0,0.0,998.3581848144531,199.67163696289063,0,3
gigapath,tritongigapath_trt_uint8multiusergpu6c10n5,/terrahome/backup-5feb/tritongigapath_trt_uint8multiusergpu6c10n5,6,,231.33333333333334,,694.0,694.0,0.0,989.7058410644531,197.94116821289063,0,3
gigapath,tritongigapath_trt_uint8multiusergpu6c10n6,/terrahome/backup-5feb/tritongigapath_trt_uint8multiusergpu6c10n6,6,,231.0,,693.0,693.0,0.0,999.0303802490234,199.8060760498047,0,3
gigapath,tritongigapath_trt_uint8multiusergpu6c10n7,/terrahome/backup-5feb/tritongigapath_trt_uint8multiusergpu6c10n7,6,,231.0,,693.0,693.0,0.0,1000.1651306152344,200.03302612304688,0,3
gigapath,tritongigapath_trt_uint8multiusergpu6c10n8,/terrahome/backup-5feb/tritongigapath_trt_uint8multiusergpu6c10n8,6,,231.33333333333334,,694.0,694.0,0.0,992.9706573486328,198.59413146972656,0,3
gigapath,tritongigapath_trt_uint8multiusergpu6c10n9,/terrahome/backup-5feb/tritongigapath_trt_uint8multiusergpu6c10n9,6,,231.33333333333334,,694.0,694.0,0.0,988.2533874511719,197.6506774902344,0,3
gigapath,tritongigapath_trt_uint8multiusergpu8c10n1,/terrahome/backup-5feb/tritongigapath_trt_uint8multiusergpu8c10n1,8,,243.6,,1218.0,1218.0,0.0,730.2605361938477,146.05210723876954,0,5
gigapath,tritongigapath_trt_uint8multiusergpu8c10n10,/terrahome/backup-5feb/tritongigapath_trt_uint8multiusergpu8c10n10,8,,243.8,,1219.0,1219.0,0.0,734.5858612060547,146.91717224121095,0,5
gigapath,tritongigapath_trt_uint8multiusergpu8c10n2,/terrahome/backup-5feb/tritongigapath_trt_uint8multiusergpu8c10n2,8,,243.6,,1218.0,1218.0,0.0,729.1430358886719,145.82860717773437,0,5
gigapath,tritongigapath_trt_uint8multiusergpu8c10n3,/terrahome/backup-5feb/tritongigapath_trt_uint8multiusergpu8c10n3,8,,243.6,,1218.0,1218.0,0.0,723.4311065673828,144.68622131347655,0,5
gigapath,tritongigapath_trt_uint8multiusergpu8c10n4,/terrahome/backup-5feb/tritongigapath_trt_uint8multiusergpu8c10n4,8,,243.8,,1219.0,1219.0,0.0,729.5635833740234,145.9127166748047,0,5
gigapath,tritongigapath_trt_uint8multiusergpu8c10n5,/terrahome/backup-5feb/tritongigapath_trt_uint8multiusergpu8c10n5,8,,243.6,,1218.0,1218.0,0.0,734.3293304443359,146.8658660888672,0,5
gigapath,tritongigapath_trt_uint8multiusergpu8c10n6,/terrahome/backup-5feb/tritongigapath_trt_uint8multiusergpu8c10n6,8,,243.6,,1218.0,1218.0,0.0,726.7583770751953,145.35167541503907,0,5
gigapath,tritongigapath_trt_uint8multiusergpu8c10n7,/terrahome/backup-5feb/tritongigapath_trt_uint8multiusergpu8c10n7,8,,243.6,,1218.0,1218.0,0.0,731.4790802001953,146.29581604003906,0,5
gigapath,tritongigapath_trt_uint8multiusergpu8c10n8,/terrahome/backup-5feb/tritongigapath_trt_uint8multiusergpu8c10n8,8,,243.8,,1219.0,1219.0,0.0,731.6257705688477,146.32515411376954,0,5
gigapath,tritongigapath_trt_uint8multiusergpu8c10n9,/terrahome/backup-5feb/tritongigapath_trt_uint8multiusergpu8c10n9,8,,243.8,,1219.0,1219.0,0.0,729.9521789550781,145.9904357910156,0,5
gigapath,tritongigapathgpu1bs128,/terrahome/backup-5feb/tritongigapathgpu1bs128,1,337.2,227.2,564.4,2822.0,1136.0,1686.0,587.1103439331055,117.4220687866211,5,5
gigapath,tritongigapathgpu1bs128inferenceonly,/terrahome/backup-5feb/tritongigapathgpu1bs128inferenceonly,1,335.6,205.0,540.6,2703.0,1025.0,1678.0,575.5377616882324,115.10755233764648,5,5
gigapath,tritongigapathgpu1bs256,/terrahome/backup-5feb/tritongigapathgpu1bs256,1,336.0,229.75,565.75,2599.0,919.0,1680.0,580.7462043762207,116.14924087524415,5,4
gigapath,tritongigapathgpu1bs256inferenceonly,/terrahome/backup-5feb/tritongigapathgpu1bs256inferenceonly,1,335.8,204.5,540.3,2497.0,818.0,1679.0,577.9345893859863,115.58691787719727,5,4
gigapath,tritongigapathgpu1bs32,/terrahome/backup-5feb/tritongigapathgpu1bs32,1,332.2,234.6,566.8,2834.0,1173.0,1661.0,584.3952903747559,116.87905807495117,5,5
gigapath,tritongigapathgpu1bs32inferenceonly,/terrahome/backup-5feb/tritongigapathgpu1bs32inferenceonly,1,328.4,207.6,536.0,2680.0,1038.0,1642.0,574.5101356506348,114.90202713012695,5,5
gigapath,tritongigapathgpu1bs64,/terrahome/backup-5feb/tritongigapathgpu1bs64,1,332.4,232.5,564.9,2592.0,930.0,1662.0,614.402530670166,122.8805061340332,5,4
gigapath,tritongigapathgpu1bs64inferenceonly,/terrahome/backup-5feb/tritongigapathgpu1bs64inferenceonly,1,330.4,206.0,536.4,2476.0,824.0,1652.0,578.8909454345703,115.77818908691407,5,4
gigapath,tritongigapathgpu1limit1,/terrahome/backup-5feb/tritongigapathgpu1limit1,1,324.2,225.25,549.45,2522.0,901.0,1621.0,595.7787742614746,119.15575485229492,5,4
gigapath,tritongigapathgpu1limit16,/terrahome/backup-5feb/tritongigapathgpu1limit16,1,339.6,228.4,568.0,2840.0,1142.0,1698.0,598.6844749450684,119.73689498901368,5,5
gigapath,tritongigapathgpu1limit2,/terrahome/backup-5feb/tritongigapathgpu1limit2,1,339.2,227.0,566.2,2604.0,908.0,1696.0,590.883716583252,118.17674331665039,5,4
gigapath,tritongigapathgpu1limit20,/terrahome/backup-5feb/tritongigapathgpu1limit20,1,331.6,228.6,560.2,2801.0,1143.0,1658.0,573.6931838989258,114.73863677978515,5,5
gigapath,tritongigapathgpu1limit4,/terrahome/backup-5feb/tritongigapathgpu1limit4,1,334.2,225.0,559.2,2796.0,1125.0,1671.0,592.43408203125,118.48681640625,5,5
gigapath,tritongigapathgpu1limit8,/terrahome/backup-5feb/tritongigapathgpu1limit8,1,335.0,226.5,561.5,2581.0,906.0,1675.0,595.4303741455078,119.08607482910156,5,4
gigapath,tritongigapathgpu2bs128,/terrahome/backup-5feb/tritongigapathgpu2bs128,2,652.6,258.5,911.1,4297.0,1034.0,3263.0,288.21718978881836,57.64343795776367,5,4
gigapath,tritongigapathgpu2bs128inferenceonly,/terrahome/backup-5feb/tritongigapathgpu2bs128inferenceonly,2,655.4,221.2,876.5999999999999,4383.0,1106.0,3277.0,281.4482536315918,56.28965072631836,5,5
gigapath,tritongigapathgpu2bs256,/terrahome/backup-5feb/tritongigapathgpu2bs256,2,649.8,257.6,907.4,4537.0,1288.0,3249.0,280.8872013092041,56.17744026184082,5,5
gigapath,tritongigapathgpu2bs256inferenceonly,/terrahome/backup-5feb/tritongigapathgpu2bs256inferenceonly,2,657.2,219.6,876.8000000000001,4384.0,1098.0,3286.0,281.33754539489746,56.267509078979494,5,5
gigapath,tritongigapathgpu2bs32,/terrahome/backup-5feb/tritongigapathgpu2bs32,2,640.4,272.2,912.5999999999999,4563.0,1361.0,3202.0,283.6772270202637,56.73544540405273,5,5
gigapath,tritongigapathgpu2bs32inferenceonly,/terrahome/backup-5feb/tritongigapathgpu2bs32inferenceonly,2,639.2,226.6,865.8000000000001,4329.0,1133.0,3196.0,278.9669933319092,55.79339866638183,5,5
gigapath,tritongigapathgpu2bs64,/terrahome/backup-5feb/tritongigapathgpu2bs64,2,650.4,261.6,912.0,4560.0,1308.0,3252.0,294.99590492248535,58.99918098449707,5,5
gigapath,tritongigapathgpu2bs64inferenceonly,/terrahome/backup-5feb/tritongigapathgpu2bs64inferenceonly,2,647.6,224.2,871.8,4359.0,1121.0,3238.0,286.4144096374512,57.28288192749024,5,5
gigapath,tritongigapathgpu2limit1,/terrahome/backup-5feb/tritongigapathgpu2limit1,2,398.6,224.8,623.4000000000001,3117.0,1124.0,1993.0,572.0355339050293,114.40710678100587,5,5
gigapath,tritongigapathgpu2limit16,/terrahome/backup-5feb/tritongigapathgpu2limit16,2,660.2,260.2,920.4000000000001,4602.0,1301.0,3301.0,290.74429512023926,58.14885902404785,5,5
gigapath,tritongigapathgpu2limit2,/terrahome/backup-5feb/tritongigapathgpu2limit2,2,627.6,254.8,882.4000000000001,4412.0,1274.0,3138.0,296.2558059692383,59.25116119384766,5,5
gigapath,tritongigapathgpu2limit20,/terrahome/backup-5feb/tritongigapathgpu2limit20,2,646.8,260.75,907.55,4277.0,1043.0,3234.0,281.6608638763428,56.33217277526855,5,4
gigapath,tritongigapathgpu2limit4,/terrahome/backup-5feb/tritongigapathgpu2limit4,2,659.2,259.0,918.2,4591.0,1295.0,3296.0,289.16917419433594,57.83383483886719,5,5
gigapath,tritongigapathgpu2limit8,/terrahome/backup-5feb/tritongigapathgpu2limit8,2,654.4,258.75,913.15,4307.0,1035.0,3272.0,290.2032928466797,58.04065856933594,5,4
gigapath,tritongigapathgpu4bs128,/terrahome/backup-5feb/tritongigapathgpu4bs128,4,1248.4,311.4,1559.8000000000002,7799.0,1557.0,6242.0,145.0877170562744,29.017543411254884,5,5
gigapath,tritongigapathgpu4bs128inferenceonly,/terrahome/backup-5feb/tritongigapathgpu4bs128inferenceonly,4,1262.0,244.6,1506.6,7533.0,1223.0,6310.0,140.11731719970703,28.023463439941406,5,5
gigapath,tritongigapathgpu4bs256,/terrahome/backup-5feb/tritongigapathgpu4bs256,4,1239.2,308.0,1547.2,7736.0,1540.0,6196.0,141.59101390838623,28.318202781677247,5,5
gigapath,tritongigapathgpu4bs256inferenceonly,/terrahome/backup-5feb/tritongigapathgpu4bs256inferenceonly,4,1283.4,241.2,1524.6000000000001,7623.0,1206.0,6417.0,140.494647026062,28.098929405212402,5,5
gigapath,tritongigapathgpu4bs32,/terrahome/backup-5feb/tritongigapathgpu4bs32,4,1243.4,338.25,1581.65,7570.0,1353.0,6217.0,142.6114263534546,28.52228527069092,5,4
gigapath,tritongigapathgpu4bs32inferenceonly,/terrahome/backup-5feb/tritongigapathgpu4bs32inferenceonly,4,1256.4,259.4,1515.8000000000002,7579.0,1297.0,6282.0,139.44782257080078,27.889564514160156,5,5
gigapath,tritongigapathgpu4bs64,/terrahome/backup-5feb/tritongigapathgpu4bs64,4,1241.2,319.2,1560.4,7802.0,1596.0,6206.0,147.71141147613525,29.54228229522705,5,5
gigapath,tritongigapathgpu4bs64inferenceonly,/terrahome/backup-5feb/tritongigapathgpu4bs64inferenceonly,4,1263.4,248.6,1512.0,7560.0,1243.0,6317.0,142.69790649414062,28.539581298828125,5,5
gigapath,tritongigapathgpu4limit1,/terrahome/backup-5feb/tritongigapathgpu4limit1,4,549.8,227.75,777.55,3660.0,911.0,2749.0,565.7574234008789,113.15148468017578,5,4
gigapath,tritongigapathgpu4limit16,/terrahome/backup-5feb/tritongigapathgpu4limit16,4,1257.4,311.75,1569.15,7534.0,1247.0,6287.0,145.25842666625977,29.051685333251953,5,4
gigapath,tritongigapathgpu4limit2,/terrahome/backup-5feb/tritongigapathgpu4limit2,4,782.8,257.4,1040.1999999999998,5201.0,1287.0,3914.0,286.7484016418457,57.34968032836914,5,5
gigapath,tritongigapathgpu4limit20,/terrahome/backup-5feb/tritongigapathgpu4limit20,4,1237.6,311.0,1548.6,7743.0,1555.0,6188.0,141.8075656890869,28.361513137817383,5,5
gigapath,tritongigapathgpu4limit4,/terrahome/backup-5feb/tritongigapathgpu4limit4,4,1200.0,305.2,1505.2,7526.0,1526.0,6000.0,150.16812705993652,30.033625411987305,5,5
gigapath,tritongigapathgpu4limit8,/terrahome/backup-5feb/tritongigapathgpu4limit8,4,1251.0,310.6,1561.6,7808.0,1553.0,6255.0,144.3370246887207,28.86740493774414,5,5
gigapath,tritongigapathgpu6bs128,/terrahome/backup-5feb/tritongigapathgpu6bs128,6,1828.6,359.4,2188.0,10940.0,1797.0,9143.0,97.94059658050537,19.588119316101075,5,5
gigapath,tritongigapathgpu6bs128inferenceonly,/terrahome/backup-5feb/tritongigapathgpu6bs128inferenceonly,6,1865.8,263.0,2128.8,10644.0,1315.0,9329.0,93.54827833175659,18.709655666351317,5,5
gigapath,tritongigapathgpu6bs256,/terrahome/backup-5feb/tritongigapathgpu6bs256,6,1800.6,351.0,2151.6,10407.0,1404.0,9003.0,96.56793594360352,19.313587188720703,5,4
gigapath,tritongigapathgpu6bs256inferenceonly,/terrahome/backup-5feb/tritongigapathgpu6bs256inferenceonly,6,1857.0,258.2,2115.2,10576.0,1291.0,9285.0,94.1894645690918,18.837892913818358,5,5
gigapath,tritongigapathgpu6bs32,/terrahome/backup-5feb/tritongigapathgpu6bs32,6,1765.0,388.8,2153.8,10769.0,1944.0,8825.0,99.12605571746826,19.825211143493654,5,5
gigapath,tritongigapathgpu6bs32inferenceonly,/terrahome/backup-5feb/tritongigapathgpu6bs32inferenceonly,6,1835.4,283.6,2119.0,10595.0,1418.0,9177.0,92.99092769622803,18.598185539245605,5,5
gigapath,tritongigapathgpu6bs64,/terrahome/backup-5feb/tritongigapathgpu6bs64,6,1827.0,373.6,2200.6,11003.0,1868.0,9135.0,99.3085789680481,19.86171579360962,5,5
gigapath,tritongigapathgpu6bs64inferenceonly,/terrahome/backup-5feb/tritongigapathgpu6bs64inferenceonly,6,1853.6,269.6,2123.2,10616.0,1348.0,9268.0,95.62997341156006,19.12599468231201,5,5
gigapath,tritongigapathgpu6limit1,/terrahome/backup-5feb/tritongigapathgpu6limit1,6,705.8,227.6,933.4,4667.0,1138.0,3529.0,564.666862487793,112.9333724975586,5,5
gigapath,tritongigapathgpu6limit16,/terrahome/backup-5feb/tritongigapathgpu6limit16,6,1832.6,361.8,2194.4,10972.0,1809.0,9163.0,97.63155269622803,19.526310539245607,5,5
gigapath,tritongigapathgpu6limit2,/terrahome/backup-5feb/tritongigapathgpu6limit2,6,936.6,258.6,1195.2,5976.0,1293.0,4683.0,284.7122554779053,56.942451095581056,5,5
gigapath,tritongigapathgpu6limit20,/terrahome/backup-5feb/tritongigapathgpu6limit20,6,1791.8,357.2,2149.0,10745.0,1786.0,8959.0,96.65514516830444,19.33102903366089,5,5
gigapath,tritongigapathgpu6limit4,/terrahome/backup-5feb/tritongigapathgpu6limit4,6,1363.0,305.5,1668.5,8037.0,1222.0,6815.0,147.99455642700195,29.59891128540039,5,4
gigapath,tritongigapathgpu6limit8,/terrahome/backup-5feb/tritongigapathgpu6limit8,6,1816.4,357.0,2173.4,10867.0,1785.0,9082.0,97.35952520370483,19.471905040740968,5,5
gigapath,tritongigapathgpu8bs128,/terrahome/backup-5feb/tritongigapathgpu8bs128,8,2328.2,395.75,2723.95,13224.0,1583.0,11641.0,75.49488735198975,15.09897747039795,5,4
gigapath,tritongigapathgpu8bs128inferenceonly,/terrahome/backup-5feb/tritongigapathgpu8bs128inferenceonly,8,2434.0,293.8,2727.8,13639.0,1469.0,12170.0,70.89668416976929,14.179336833953858,5,5
gigapath,tritongigapathgpu8bs256,/terrahome/backup-5feb/tritongigapathgpu8bs256,8,2307.0,391.8,2698.8,13494.0,1959.0,11535.0,74.7566146850586,14.951322937011719,5,5
gigapath,tritongigapathgpu8bs256inferenceonly,/terrahome/backup-5feb/tritongigapathgpu8bs256inferenceonly,8,2445.2,274.4,2719.6,13598.0,1372.0,12226.0,71.19537162780762,14.239074325561523,5,5
gigapath,tritongigapathgpu8bs32,/terrahome/backup-5feb/tritongigapathgpu8bs32,8,1971.6,395.2,2366.7999999999997,11834.0,1976.0,9858.0,95.25714778900146,19.051429557800294,5,5
gigapath,tritongigapathgpu8bs32inferenceonly,/terrahome/backup-5feb/tritongigapathgpu8bs32inferenceonly,8,2408.2,307.0,2715.2,13576.0,1535.0,12041.0,70.14294862747192,14.028589725494385,5,5
gigapath,tritongigapathgpu8bs64,/terrahome/backup-5feb/tritongigapathgpu8bs64,8,2341.4,412.2,2753.6,13768.0,2061.0,11707.0,75.71502161026001,15.143004322052002,5,5
gigapath,tritongigapathgpu8bs64inferenceonly,/terrahome/backup-5feb/tritongigapathgpu8bs64inferenceonly,8,2451.0,287.8,2738.8,13694.0,1439.0,12255.0,71.64180564880371,14.328361129760742,5,5
gigapath,tritongigapathgpu8limit1,/terrahome/backup-5feb/tritongigapathgpu8limit1,8,861.6,231.0,1092.6,5232.0,924.0,4308.0,561.0207405090332,112.20414810180664,5,4
gigapath,tritongigapathgpu8limit16,/terrahome/backup-5feb/tritongigapathgpu8limit16,8,2360.8,401.8,2762.6000000000004,13813.0,2009.0,11804.0,74.75705337524414,14.951410675048828,5,5
gigapath,tritongigapathgpu8limit2,/terrahome/backup-5feb/tritongigapathgpu8limit2,8,1087.8,260.0,1347.8,6739.0,1300.0,5439.0,283.64098358154297,56.728196716308595,5,5
gigapath,tritongigapathgpu8limit20,/terrahome/backup-5feb/tritongigapathgpu8limit20,8,2327.8,396.8,2724.6000000000004,13623.0,1984.0,11639.0,73.77602195739746,14.755204391479491,5,5
gigapath,tritongigapathgpu8limit4,/terrahome/backup-5feb/tritongigapathgpu8limit4,8,1520.6,309.6,1830.1999999999998,9151.0,1548.0,7603.0,146.57338523864746,29.314677047729493,5,5
gigapath,tritongigapathgpu8limit8,/terrahome/backup-5feb/tritongigapathgpu8limit8,8,2269.8,391.8,2661.6000000000004,13308.0,1959.0,11349.0,78.41471719741821,15.682943439483642,5,5
gigapath,tritongigapathmultiusergpu1c10n1,/terrahome/backup-5feb/tritongigapathmultiusergpu1c10n1,1,,217.66666666666666,,653.0,653.0,0.0,3235.1672973632812,647.0334594726562,0,3
gigapath,tritongigapathmultiusergpu1c10n10,/terrahome/backup-5feb/tritongigapathmultiusergpu1c10n10,1,,217.66666666666666,,653.0,653.0,0.0,3245.6012573242188,649.1202514648437,0,3
gigapath,tritongigapathmultiusergpu1c10n2,/terrahome/backup-5feb/tritongigapathmultiusergpu1c10n2,1,,217.66666666666666,,653.0,653.0,0.0,3232.9428100585938,646.5885620117188,0,3
gigapath,tritongigapathmultiusergpu1c10n3,/terrahome/backup-5feb/tritongigapathmultiusergpu1c10n3,1,,217.66666666666666,,653.0,653.0,0.0,3243.42529296875,648.68505859375,0,3
gigapath,tritongigapathmultiusergpu1c10n4,/terrahome/backup-5feb/tritongigapathmultiusergpu1c10n4,1,,217.66666666666666,,653.0,653.0,0.0,3225.0586547851562,645.0117309570312,0,3
gigapath,tritongigapathmultiusergpu1c10n5,/terrahome/backup-5feb/tritongigapathmultiusergpu1c10n5,1,,217.66666666666666,,653.0,653.0,0.0,3237.6647338867188,647.5329467773438,0,3
gigapath,tritongigapathmultiusergpu1c10n6,/terrahome/backup-5feb/tritongigapathmultiusergpu1c10n6,1,,217.66666666666666,,653.0,653.0,0.0,3240.6834106445312,648.1366821289063,0,3
gigapath,tritongigapathmultiusergpu1c10n7,/terrahome/backup-5feb/tritongigapathmultiusergpu1c10n7,1,,217.66666666666666,,653.0,653.0,0.0,3248.333984375,649.666796875,0,3
gigapath,tritongigapathmultiusergpu1c10n8,/terrahome/backup-5feb/tritongigapathmultiusergpu1c10n8,1,,217.66666666666666,,653.0,653.0,0.0,3230.3131713867188,646.0626342773437,0,3
gigapath,tritongigapathmultiusergpu1c10n9,/terrahome/backup-5feb/tritongigapathmultiusergpu1c10n9,1,,217.66666666666666,,653.0,653.0,0.0,3227.9254760742188,645.5850952148437,0,3
gigapath,tritongigapathmultiusergpu2c10n1,/terrahome/backup-5feb/tritongigapathmultiusergpu2c10n1,2,,227.5,,910.0,910.0,0.0,1556.3236694335938,311.2647338867188,0,4
gigapath,tritongigapathmultiusergpu2c10n10,/terrahome/backup-5feb/tritongigapathmultiusergpu2c10n10,2,,227.5,,910.0,910.0,0.0,1561.227294921875,312.245458984375,0,4
gigapath,tritongigapathmultiusergpu2c10n2,/terrahome/backup-5feb/tritongigapathmultiusergpu2c10n2,2,,227.5,,910.0,910.0,0.0,1560.2730712890625,312.0546142578125,0,4
gigapath,tritongigapathmultiusergpu2c10n3,/terrahome/backup-5feb/tritongigapathmultiusergpu2c10n3,2,,227.5,,910.0,910.0,0.0,1563.2828979492188,312.6565795898438,0,4
gigapath,tritongigapathmultiusergpu2c10n4,/terrahome/backup-5feb/tritongigapathmultiusergpu2c10n4,2,,227.5,,910.0,910.0,0.0,1558.6747436523438,311.7349487304688,0,4
gigapath,tritongigapathmultiusergpu2c10n5,/terrahome/backup-5feb/tritongigapathmultiusergpu2c10n5,2,,227.5,,910.0,910.0,0.0,1561.6072387695312,312.3214477539062,0,4
gigapath,tritongigapathmultiusergpu2c10n6,/terrahome/backup-5feb/tritongigapathmultiusergpu2c10n6,2,,227.5,,910.0,910.0,0.0,1566.1939086914062,313.23878173828126,0,4
gigapath,tritongigapathmultiusergpu2c10n7,/terrahome/backup-5feb/tritongigapathmultiusergpu2c10n7,2,,227.5,,910.0,910.0,0.0,1565.0263061523438,313.00526123046876,0,4
gigapath,tritongigapathmultiusergpu2c10n8,/terrahome/backup-5feb/tritongigapathmultiusergpu2c10n8,2,,227.5,,910.0,910.0,0.0,1566.0760803222656,313.2152160644531,0,4
gigapath,tritongigapathmultiusergpu2c10n9,/terrahome/backup-5feb/tritongigapathmultiusergpu2c10n9,2,,227.5,,910.0,910.0,0.0,1555.2344055175781,311.0468811035156,0,4
gigapath,tritongigapathmultiusergpu4c10n1,/terrahome/backup-5feb/tritongigapathmultiusergpu4c10n1,4,,252.0,,756.0,756.0,0.0,753.3137512207031,150.66275024414062,0,3
gigapath,tritongigapathmultiusergpu4c10n10,/terrahome/backup-5feb/tritongigapathmultiusergpu4c10n10,4,,252.0,,756.0,756.0,0.0,755.0841369628906,151.01682739257814,0,3
gigapath,tritongigapathmultiusergpu4c10n2,/terrahome/backup-5feb/tritongigapathmultiusergpu4c10n2,4,,252.0,,756.0,756.0,0.0,756.6549682617188,151.33099365234375,0,3
gigapath,tritongigapathmultiusergpu4c10n3,/terrahome/backup-5feb/tritongigapathmultiusergpu4c10n3,4,,252.0,,756.0,756.0,0.0,754.7957611083984,150.9591522216797,0,3
gigapath,tritongigapathmultiusergpu4c10n4,/terrahome/backup-5feb/tritongigapathmultiusergpu4c10n4,4,,252.0,,756.0,756.0,0.0,752.0546112060547,150.41092224121093,0,3
gigapath,tritongigapathmultiusergpu4c10n5,/terrahome/backup-5feb/tritongigapathmultiusergpu4c10n5,4,,252.0,,756.0,756.0,0.0,753.9136505126953,150.78273010253906,0,3
gigapath,tritongigapathmultiusergpu4c10n6,/terrahome/backup-5feb/tritongigapathmultiusergpu4c10n6,4,,252.0,,756.0,756.0,0.0,754.3023834228516,150.8604766845703,0,3
gigapath,tritongigapathmultiusergpu4c10n7,/terrahome/backup-5feb/tritongigapathmultiusergpu4c10n7,4,,252.0,,756.0,756.0,0.0,752.6066589355469,150.52133178710938,0,3
gigapath,tritongigapathmultiusergpu4c10n8,/terrahome/backup-5feb/tritongigapathmultiusergpu4c10n8,4,,252.0,,756.0,756.0,0.0,756.0045776367188,151.20091552734374,0,3
gigapath,tritongigapathmultiusergpu4c10n9,/terrahome/backup-5feb/tritongigapathmultiusergpu4c10n9,4,,252.0,,756.0,756.0,0.0,750.3010864257812,150.06021728515626,0,3
gigapath,tritongigapathmultiusergpu6c10n1,/terrahome/backup-5feb/tritongigapathmultiusergpu6c10n1,6,,270.6,,1353.0,1353.0,0.0,502.8932876586914,100.57865753173829,0,5
gigapath,tritongigapathmultiusergpu6c10n10,/terrahome/backup-5feb/tritongigapathmultiusergpu6c10n10,6,,270.6,,1353.0,1353.0,0.0,503.19300842285156,100.63860168457032,0,5
gigapath,tritongigapathmultiusergpu6c10n2,/terrahome/backup-5feb/tritongigapathmultiusergpu6c10n2,6,,270.6,,1353.0,1353.0,0.0,502.1555633544922,100.43111267089844,0,5
gigapath,tritongigapathmultiusergpu6c10n3,/terrahome/backup-5feb/tritongigapathmultiusergpu6c10n3,6,,270.6,,1353.0,1353.0,0.0,502.05538177490234,100.41107635498047,0,5
gigapath,tritongigapathmultiusergpu6c10n4,/terrahome/backup-5feb/tritongigapathmultiusergpu6c10n4,6,,270.6,,1353.0,1353.0,0.0,503.7132797241211,100.74265594482422,0,5
gigapath,tritongigapathmultiusergpu6c10n5,/terrahome/backup-5feb/tritongigapathmultiusergpu6c10n5,6,,270.6,,1353.0,1353.0,0.0,503.97423553466797,100.79484710693359,0,5
gigapath,tritongigapathmultiusergpu6c10n6,/terrahome/backup-5feb/tritongigapathmultiusergpu6c10n6,6,,270.6,,1353.0,1353.0,0.0,499.63092041015625,99.92618408203126,0,5
gigapath,tritongigapathmultiusergpu6c10n7,/terrahome/backup-5feb/tritongigapathmultiusergpu6c10n7,6,,270.6,,1353.0,1353.0,0.0,501.1745910644531,100.23491821289062,0,5
gigapath,tritongigapathmultiusergpu6c10n8,/terrahome/backup-5feb/tritongigapathmultiusergpu6c10n8,6,,270.6,,1353.0,1353.0,0.0,502.5474624633789,100.50949249267578,0,5
gigapath,tritongigapathmultiusergpu6c10n9,/terrahome/backup-5feb/tritongigapathmultiusergpu6c10n9,6,,270.6,,1353.0,1353.0,0.0,501.8239440917969,100.36478881835937,0,5
gigapath,tritongigapathmultiusergpu8c10n1,/terrahome/backup-5feb/tritongigapathmultiusergpu8c10n1,8,,290.8,,1454.0,1454.0,0.0,364.72386932373047,72.9447738647461,0,5
gigapath,tritongigapathmultiusergpu8c10n10,/terrahome/backup-5feb/tritongigapathmultiusergpu8c10n10,8,,290.8,,1454.0,1454.0,0.0,364.00682830810547,72.80136566162109,0,5
gigapath,tritongigapathmultiusergpu8c10n2,/terrahome/backup-5feb/tritongigapathmultiusergpu8c10n2,8,,290.8,,1454.0,1454.0,0.0,364.31412506103516,72.86282501220703,0,5
gigapath,tritongigapathmultiusergpu8c10n3,/terrahome/backup-5feb/tritongigapathmultiusergpu8c10n3,8,,290.8,,1454.0,1454.0,0.0,364.38169860839844,72.87633972167968,0,5
gigapath,tritongigapathmultiusergpu8c10n4,/terrahome/backup-5feb/tritongigapathmultiusergpu8c10n4,8,,290.8,,1454.0,1454.0,0.0,363.14356231689453,72.6287124633789,0,5
gigapath,tritongigapathmultiusergpu8c10n5,/terrahome/backup-5feb/tritongigapathmultiusergpu8c10n5,8,,290.8,,1454.0,1454.0,0.0,363.99559020996094,72.79911804199219,0,5
gigapath,tritongigapathmultiusergpu8c10n6,/terrahome/backup-5feb/tritongigapathmultiusergpu8c10n6,8,,290.8,,1454.0,1454.0,0.0,364.2342987060547,72.84685974121093,0,5
gigapath,tritongigapathmultiusergpu8c10n7,/terrahome/backup-5feb/tritongigapathmultiusergpu8c10n7,8,,290.8,,1454.0,1454.0,0.0,364.37413024902344,72.87482604980468,0,5
gigapath,tritongigapathmultiusergpu8c10n8,/terrahome/backup-5feb/tritongigapathmultiusergpu8c10n8,8,,290.8,,1454.0,1454.0,0.0,362.2285690307617,72.44571380615234,0,5
gigapath,tritongigapathmultiusergpu8c10n9,/terrahome/backup-5feb/tritongigapathmultiusergpu8c10n9,8,,290.8,,1454.0,1454.0,0.0,363.08435821533203,72.6168716430664,0,5
resnet50,pytorchresnet50gpu1bs128,/terrahome/backup-5feb/pytorchresnet50gpu1bs128,1,257.6,333.5,591.1,2622.0,1334.0,1288.0,76.92258596420288,15.384517192840576,5,4
resnet50,pytorchresnet50gpu1bs128inferenceonly,/terrahome/backup-5feb/pytorchresnet50gpu1bs128inferenceonly,1,266.8,205.0,471.8,2154.0,820.0,1334.0,71.84569644927979,14.369139289855957,5,4
resnet50,pytorchresnet50gpu1bs256,/terrahome/backup-5feb/pytorchresnet50gpu1bs256,1,239.6,318.6,558.2,2791.0,1593.0,1198.0,79.43811702728271,15.887623405456543,5,5
resnet50,pytorchresnet50gpu1bs256inferenceonly,/terrahome/backup-5feb/pytorchresnet50gpu1bs256inferenceonly,1,261.6,205.0,466.6,2333.0,1025.0,1308.0,74.46526336669922,14.893052673339843,5,5
resnet50,pytorchresnet50gpu1bs32,/terrahome/backup-5feb/pytorchresnet50gpu1bs32,1,227.8,351.2,579.0,2895.0,1756.0,1139.0,79.23243141174316,15.846486282348632,5,5
resnet50,pytorchresnet50gpu1bs32inferenceonly,/terrahome/backup-5feb/pytorchresnet50gpu1bs32inferenceonly,1,262.0,205.0,467.0,2335.0,1025.0,1310.0,59.49792432785034,11.899584865570068,5,5
resnet50,pytorchresnet50gpu1bs64,/terrahome/backup-5feb/pytorchresnet50gpu1bs64,1,255.0,362.8,617.8,3089.0,1814.0,1275.0,70.29338455200195,14.05867691040039,5,5
resnet50,pytorchresnet50gpu1bs64inferenceonly,/terrahome/backup-5feb/pytorchresnet50gpu1bs64inferenceonly,1,276.6,205.4,482.0,2410.0,1027.0,1383.0,65.14182949066162,13.028365898132325,5,5
resnet50,pytorchresnet50gpu2bs128,/terrahome/backup-5feb/pytorchresnet50gpu2bs128,2,451.8,427.4,879.2,4396.0,2137.0,2259.0,42.04808688163757,8.409617376327514,5,5
resnet50,pytorchresnet50gpu2bs128inferenceonly,/terrahome/backup-5feb/pytorchresnet50gpu2bs128inferenceonly,2,501.2,216.2,717.4,3587.0,1081.0,2506.0,36.48393249511719,7.296786499023438,5,5
resnet50,pytorchresnet50gpu2bs256,/terrahome/backup-5feb/pytorchresnet50gpu2bs256,2,437.2,412.6,849.8,4249.0,2063.0,2186.0,44.202818155288696,8.840563631057739,5,5
resnet50,pytorchresnet50gpu2bs256inferenceonly,/terrahome/backup-5feb/pytorchresnet50gpu2bs256inferenceonly,2,502.8,214.8,717.6,3588.0,1074.0,2514.0,37.28563356399536,7.457126712799072,5,5
resnet50,pytorchresnet50gpu2bs32,/terrahome/backup-5feb/pytorchresnet50gpu2bs32,2,308.8,359.2,668.0,3340.0,1796.0,1544.0,74.49161529541016,14.898323059082031,5,5
resnet50,pytorchresnet50gpu2bs32inferenceonly,/terrahome/backup-5feb/pytorchresnet50gpu2bs32inferenceonly,2,508.0,217.8,725.8,3629.0,1089.0,2540.0,30.63343381881714,6.126686763763428,5,5
resnet50,pytorchresnet50gpu2bs64,/terrahome/backup-5feb/pytorchresnet50gpu2bs64,2,408.2,438.4,846.5999999999999,4233.0,2192.0,2041.0,45.79475688934326,9.158951377868652,5,5
resnet50,pytorchresnet50gpu2bs64inferenceonly,/terrahome/backup-5feb/pytorchresnet50gpu2bs64inferenceonly,2,500.0,215.8,715.8,3579.0,1079.0,2500.0,32.81913995742798,6.563827991485596,5,5
resnet50,pytorchresnet50gpu4bs128,/terrahome/backup-5feb/pytorchresnet50gpu4bs128,4,663.4,471.0,1134.4,5672.0,2355.0,3317.0,34.052123069763184,6.8104246139526365,5,5
resnet50,pytorchresnet50gpu4bs128inferenceonly,/terrahome/backup-5feb/pytorchresnet50gpu4bs128inferenceonly,4,937.2,231.6,1168.8,5844.0,1158.0,4686.0,18.486374616622925,3.697274923324585,5,5
resnet50,pytorchresnet50gpu4bs256,/terrahome/backup-5feb/pytorchresnet50gpu4bs256,4,662.4,465.0,1127.4,5637.0,2325.0,3312.0,35.10015034675598,7.020030069351196,5,5
resnet50,pytorchresnet50gpu4bs256inferenceonly,/terrahome/backup-5feb/pytorchresnet50gpu4bs256inferenceonly,4,936.0,231.6,1167.6,5838.0,1158.0,4680.0,18.803744077682495,3.760748815536499,5,5
resnet50,pytorchresnet50gpu4bs32,/terrahome/backup-5feb/pytorchresnet50gpu4bs32,4,461.2,362.4,823.5999999999999,4118.0,1812.0,2306.0,75.14068794250488,15.028137588500977,5,5
resnet50,pytorchresnet50gpu4bs32inferenceonly,/terrahome/backup-5feb/pytorchresnet50gpu4bs32inferenceonly,4,816.0,228.6,1044.6,5223.0,1143.0,4080.0,20.90513777732849,4.181027555465699,5,5
resnet50,pytorchresnet50gpu4bs64,/terrahome/backup-5feb/pytorchresnet50gpu4bs64,4,558.6,440.4,999.0,4995.0,2202.0,2793.0,45.85299205780029,9.170598411560059,5,5
resnet50,pytorchresnet50gpu4bs64inferenceonly,/terrahome/backup-5feb/pytorchresnet50gpu4bs64inferenceonly,4,921.0,233.0,1154.0,5770.0,1165.0,4605.0,17.209128618240356,3.4418257236480714,5,5
resnet50,pytorchresnet50gpu6bs128,/terrahome/backup-5feb/pytorchresnet50gpu6bs128,6,826.0,483.4,1309.4,6547.0,2417.0,4130.0,33.86671447753906,6.773342895507812,5,5
resnet50,pytorchresnet50gpu6bs128inferenceonly,/terrahome/backup-5feb/pytorchresnet50gpu6bs128inferenceonly,6,1353.4,248.0,1601.4,8007.0,1240.0,6767.0,12.873128652572632,2.5746257305145264,5,5
resnet50,pytorchresnet50gpu6bs256,/terrahome/backup-5feb/pytorchresnet50gpu6bs256,6,846.2,478.5,1324.7,6145.0,1914.0,4231.0,33.278841733932495,6.655768346786499,5,4
resnet50,pytorchresnet50gpu6bs256inferenceonly,/terrahome/backup-5feb/pytorchresnet50gpu6bs256inferenceonly,6,1356.2,251.2,1607.4,8037.0,1256.0,6781.0,13.07081913948059,2.6141638278961183,5,5
resnet50,pytorchresnet50gpu6bs32,/terrahome/backup-5feb/pytorchresnet50gpu6bs32,6,614.2,362.8,977.0,4885.0,1814.0,3071.0,75.00965690612793,15.001931381225585,5,5
resnet50,pytorchresnet50gpu6bs32inferenceonly,/terrahome/backup-5feb/pytorchresnet50gpu6bs32inferenceonly,6,957.4,231.8,1189.2,5946.0,1159.0,4787.0,20.8009250164032,4.16018500328064,5,5
resnet50,pytorchresnet50gpu6bs64,/terrahome/backup-5feb/pytorchresnet50gpu6bs64,6,716.8,447.2,1164.0,5820.0,2236.0,3584.0,45.08789801597595,9.017579603195191,5,5
resnet50,pytorchresnet50gpu6bs64inferenceonly,/terrahome/backup-5feb/pytorchresnet50gpu6bs64inferenceonly,6,1248.0,248.0,1496.0,7480.0,1240.0,6240.0,13.216694831848145,2.6433389663696287,5,5
resnet50,pytorchresnet50gpu8bs128,/terrahome/backup-5feb/pytorchresnet50gpu8bs128,8,974.2,478.2,1452.4,7262.0,2391.0,4871.0,34.30265545845032,6.8605310916900635,5,5
resnet50,pytorchresnet50gpu8bs128inferenceonly,/terrahome/backup-5feb/pytorchresnet50gpu8bs128inferenceonly,8,1647.8,257.0,1904.8,9524.0,1285.0,8239.0,10.111035346984863,2.0222070693969725,5,5
resnet50,pytorchresnet50gpu8bs256,/terrahome/backup-5feb/pytorchresnet50gpu8bs256,8,974.2,470.0,1444.2,7221.0,2350.0,4871.0,35.35146188735962,7.070292377471924,5,5
resnet50,pytorchresnet50gpu8bs256inferenceonly,/terrahome/backup-5feb/pytorchresnet50gpu8bs256inferenceonly,8,1651.8,256.0,1907.8,9539.0,1280.0,8259.0,10.375699758529663,2.075139951705933,5,5
resnet50,pytorchresnet50gpu8bs32,/terrahome/backup-5feb/pytorchresnet50gpu8bs32,8,770.2,366.6,1136.8000000000002,5684.0,1833.0,3851.0,74.09723997116089,14.819447994232178,5,5
resnet50,pytorchresnet50gpu8bs32inferenceonly,/terrahome/backup-5feb/pytorchresnet50gpu8bs32inferenceonly,8,1107.4,231.0,1338.4,6692.0,1155.0,5537.0,20.459949493408203,4.091989898681641,5,5
resnet50,pytorchresnet50gpu8bs64,/terrahome/backup-5feb/pytorchresnet50gpu8bs64,8,863.4,443.4,1306.8,6534.0,2217.0,4317.0,46.23397374153137,9.246794748306275,5,5
resnet50,pytorchresnet50gpu8bs64inferenceonly,/terrahome/backup-5feb/pytorchresnet50gpu8bs64inferenceonly,8,1470.4,245.4,1715.8000000000002,8579.0,1227.0,7352.0,12.072102308273315,2.414420461654663,5,5
resnet50,tritonresnet50_trt_uint8gpu1bs128,/terrahome/backup-5feb/tritonresnet50_trt_uint8gpu1bs128,1,230.8,449.0,679.8,3399.0,2245.0,1154.0,41.101325035095215,8.220265007019043,5,5
resnet50,tritonresnet50_trt_uint8gpu1bs128inferenceonly,/terrahome/backup-5feb/tritonresnet50_trt_uint8gpu1bs128inferenceonly,1,292.0,231.8,523.8,2619.0,1159.0,1460.0,27.601935148239136,5.520387029647827,5,5
resnet50,tritonresnet50_trt_uint8gpu1bs256,/terrahome/backup-5feb/tritonresnet50_trt_uint8gpu1bs256,1,229.0,446.4,675.4,3377.0,2232.0,1145.0,42.95232009887695,8.590464019775391,5,5
resnet50,tritonresnet50_trt_uint8gpu1bs256inferenceonly,/terrahome/backup-5feb/tritonresnet50_trt_uint8gpu1bs256inferenceonly,1,290.4,236.2,526.5999999999999,2633.0,1181.0,1452.0,27.900118112564087,5.580023622512817,5,5
resnet50,tritonresnet50_trt_uint8gpu1bs32,/terrahome/backup-5feb/tritonresnet50_trt_uint8gpu1bs32,1,153.2,357.8,511.0,2555.0,1789.0,766.0,80.01269245147705,16.00253849029541,5,5
resnet50,tritonresnet50_trt_uint8gpu1bs32inferenceonly,/terrahome/backup-5feb/tritonresnet50_trt_uint8gpu1bs32inferenceonly,1,277.6,235.6,513.2,2566.0,1178.0,1388.0,28.85299849510193,5.770599699020385,5,5
resnet50,tritonresnet50_trt_uint8gpu1bs64,/terrahome/backup-5feb/tritonresnet50_trt_uint8gpu1bs64,1,191.6,413.0,604.6,2610.0,1652.0,958.0,54.73409175872803,10.946818351745605,5,4
resnet50,tritonresnet50_trt_uint8gpu1bs64inferenceonly,/terrahome/backup-5feb/tritonresnet50_trt_uint8gpu1bs64inferenceonly,1,287.6,231.2,518.8,2594.0,1156.0,1438.0,27.82199263572693,5.564398527145386,5,5
resnet50,tritonresnet50_trt_uint8gpu2bs128,/terrahome/backup-5feb/tritonresnet50_trt_uint8gpu2bs128,2,317.2,458.6,775.8,3879.0,2293.0,1586.0,39.88345980644226,7.976691961288452,5,5
resnet50,tritonresnet50_trt_uint8gpu2bs128inferenceonly,/terrahome/backup-5feb/tritonresnet50_trt_uint8gpu2bs128inferenceonly,2,474.8,251.0,725.8,3629.0,1255.0,2374.0,17.992876768112183,3.5985753536224365,5,5
resnet50,tritonresnet50_trt_uint8gpu2bs256,/terrahome/backup-5feb/tritonresnet50_trt_uint8gpu2bs256,2,310.4,455.0,765.4,3827.0,2275.0,1552.0,43.03302192687988,8.606604385375977,5,5
resnet50,tritonresnet50_trt_uint8gpu2bs256inferenceonly,/terrahome/backup-5feb/tritonresnet50_trt_uint8gpu2bs256inferenceonly,2,397.8,240.2,638.0,3190.0,1201.0,1989.0,25.319844484329224,5.063968896865845,5,5
resnet50,tritonresnet50_trt_uint8gpu2bs32,/terrahome/backup-5feb/tritonresnet50_trt_uint8gpu2bs32,2,232.8,361.4,594.2,2971.0,1807.0,1164.0,79.59676361083984,15.919352722167968,5,5
resnet50,tritonresnet50_trt_uint8gpu2bs32inferenceonly,/terrahome/backup-5feb/tritonresnet50_trt_uint8gpu2bs32inferenceonly,2,391.4,244.6,636.0,3180.0,1223.0,1957.0,25.404651403427124,5.080930280685425,5,5
resnet50,tritonresnet50_trt_uint8gpu2bs64,/terrahome/backup-5feb/tritonresnet50_trt_uint8gpu2bs64,2,277.8,423.4,701.2,3506.0,2117.0,1389.0,52.02482509613037,10.404965019226074,5,5
resnet50,tritonresnet50_trt_uint8gpu2bs64inferenceonly,/terrahome/backup-5feb/tritonresnet50_trt_uint8gpu2bs64inferenceonly,2,456.6,257.0,713.6,3568.0,1285.0,2283.0,18.783097982406616,3.756619596481323,5,5
resnet50,tritonresnet50_trt_uint8gpu4bs128,/terrahome/backup-5feb/tritonresnet50_trt_uint8gpu4bs128,4,470.8,451.4,922.2,4611.0,2257.0,2354.0,39.84741735458374,7.969483470916748,5,5
resnet50,tritonresnet50_trt_uint8gpu4bs128inferenceonly,/terrahome/backup-5feb/tritonresnet50_trt_uint8gpu4bs128inferenceonly,4,641.4,254.8,896.2,4481.0,1274.0,3207.0,17.405634880065918,3.4811269760131838,5,5
resnet50,tritonresnet50_trt_uint8gpu4bs256,/terrahome/backup-5feb/tritonresnet50_trt_uint8gpu4bs256,4,463.2,452.4,915.5999999999999,4578.0,2262.0,2316.0,42.67712950706482,8.535425901412964,5,5
resnet50,tritonresnet50_trt_uint8gpu4bs256inferenceonly,/terrahome/backup-5feb/tritonresnet50_trt_uint8gpu4bs256inferenceonly,4,563.0,243.2,806.2,4031.0,1216.0,2815.0,24.248959064483643,4.849791812896728,5,5
resnet50,tritonresnet50_trt_uint8gpu4bs32,/terrahome/backup-5feb/tritonresnet50_trt_uint8gpu4bs32,4,386.6,357.2,743.8,3719.0,1786.0,1933.0,82.25125408172607,16.450250816345214,5,5
resnet50,tritonresnet50_trt_uint8gpu4bs32inferenceonly,/terrahome/backup-5feb/tritonresnet50_trt_uint8gpu4bs32inferenceonly,4,568.0,246.6,814.6,4073.0,1233.0,2840.0,22.850216150283813,4.570043230056763,5,5
resnet50,tritonresnet50_trt_uint8gpu4bs64,/terrahome/backup-5feb/tritonresnet50_trt_uint8gpu4bs64,4,431.8,427.4,859.2,4296.0,2137.0,2159.0,51.28896713256836,10.257793426513672,5,5
resnet50,tritonresnet50_trt_uint8gpu4bs64inferenceonly,/terrahome/backup-5feb/tritonresnet50_trt_uint8gpu4bs64inferenceonly,4,588.6,247.6,836.2,4181.0,1238.0,2943.0,21.570957899093628,4.314191579818726,5,5
resnet50,tritonresnet50_trt_uint8gpu6bs128,/terrahome/backup-5feb/tritonresnet50_trt_uint8gpu6bs128,6,623.6,459.2,1082.8,5414.0,2296.0,3118.0,41.021472215652466,8.204294443130493,5,5
resnet50,tritonresnet50_trt_uint8gpu6bs128inferenceonly,/terrahome/backup-5feb/tritonresnet50_trt_uint8gpu6bs128inferenceonly,6,799.6,251.2,1050.8,5254.0,1256.0,3998.0,17.853822946548462,3.570764589309692,5,5
resnet50,tritonresnet50_trt_uint8gpu6bs256,/terrahome/backup-5feb/tritonresnet50_trt_uint8gpu6bs256,6,620.4,460.4,1080.8,5404.0,2302.0,3102.0,42.49669170379639,8.499338340759277,5,5
resnet50,tritonresnet50_trt_uint8gpu6bs256inferenceonly,/terrahome/backup-5feb/tritonresnet50_trt_uint8gpu6bs256inferenceonly,6,726.6,243.4,970.0,4850.0,1217.0,3633.0,23.92912220954895,4.78582444190979,5,5
resnet50,tritonresnet50_trt_uint8gpu6bs32,/terrahome/backup-5feb/tritonresnet50_trt_uint8gpu6bs32,6,542.2,359.2,901.4000000000001,4507.0,1796.0,2711.0,82.83001756668091,16.56600351333618,5,5
resnet50,tritonresnet50_trt_uint8gpu6bs32inferenceonly,/terrahome/backup-5feb/tritonresnet50_trt_uint8gpu6bs32inferenceonly,6,702.2,245.4,947.6,4738.0,1227.0,3511.0,26.707530736923218,5.341506147384644,5,5
resnet50,tritonresnet50_trt_uint8gpu6bs64,/terrahome/backup-5feb/tritonresnet50_trt_uint8gpu6bs64,6,578.4,409.8,988.2,4941.0,2049.0,2892.0,54.673555850982666,10.934711170196532,5,5
resnet50,tritonresnet50_trt_uint8gpu6bs64inferenceonly,/terrahome/backup-5feb/tritonresnet50_trt_uint8gpu6bs64inferenceonly,6,751.4,247.4,998.8,4994.0,1237.0,3757.0,20.515043020248413,4.103008604049682,5,5
resnet50,tritonresnet50_trt_uint8gpu8bs128,/terrahome/backup-5feb/tritonresnet50_trt_uint8gpu8bs128,8,782.2,458.6,1240.8000000000002,6204.0,2293.0,3911.0,40.40565752983093,8.081131505966187,5,5
resnet50,tritonresnet50_trt_uint8gpu8bs128inferenceonly,/terrahome/backup-5feb/tritonresnet50_trt_uint8gpu8bs128inferenceonly,8,941.8,250.8,1192.6,5963.0,1254.0,4709.0,18.7944917678833,3.7588983535766602,5,5
resnet50,tritonresnet50_trt_uint8gpu8bs256,/terrahome/backup-5feb/tritonresnet50_trt_uint8gpu8bs256,8,773.2,448.0,1221.2,5658.0,1792.0,3866.0,42.57939147949219,8.515878295898437,5,4
resnet50,tritonresnet50_trt_uint8gpu8bs256inferenceonly,/terrahome/backup-5feb/tritonresnet50_trt_uint8gpu8bs256inferenceonly,8,880.2,243.4,1123.6000000000001,5618.0,1217.0,4401.0,23.692023515701294,4.738404703140259,5,5
resnet50,tritonresnet50_trt_uint8gpu8bs32,/terrahome/backup-5feb/tritonresnet50_trt_uint8gpu8bs32,8,694.6,359.0,1053.6,4909.0,1436.0,3473.0,83.82915687561035,16.76583137512207,5,4
resnet50,tritonresnet50_trt_uint8gpu8bs32inferenceonly,/terrahome/backup-5feb/tritonresnet50_trt_uint8gpu8bs32inferenceonly,8,865.8,247.4,1113.2,5566.0,1237.0,4329.0,25.463555097579956,5.092711019515991,5,5
resnet50,tritonresnet50_trt_uint8gpu8bs64,/terrahome/backup-5feb/tritonresnet50_trt_uint8gpu8bs64,8,736.8,413.0,1149.8,5749.0,2065.0,3684.0,53.24577808380127,10.649155616760254,5,5
resnet50,tritonresnet50_trt_uint8gpu8bs64inferenceonly,/terrahome/backup-5feb/tritonresnet50_trt_uint8gpu8bs64inferenceonly,8,897.4,249.4,1146.8,5734.0,1247.0,4487.0,21.450575351715088,4.290115070343018,5,5
resnet50,tritonresnet50_trt_uint8multiusergpu1c10n1,/terrahome/backup-5feb/tritonresnet50_trt_uint8multiusergpu1c10n1,1,,226.0,,1130.0,1130.0,0.0,130.3652172088623,26.073043441772462,0,5
resnet50,tritonresnet50_trt_uint8multiusergpu1c10n10,/terrahome/backup-5feb/tritonresnet50_trt_uint8multiusergpu1c10n10,1,,226.4,,1132.0,1132.0,0.0,132.05087661743164,26.410175323486328,0,5
resnet50,tritonresnet50_trt_uint8multiusergpu1c10n2,/terrahome/backup-5feb/tritonresnet50_trt_uint8multiusergpu1c10n2,1,,226.4,,1132.0,1132.0,0.0,131.3952751159668,26.279055023193358,0,5
resnet50,tritonresnet50_trt_uint8multiusergpu1c10n3,/terrahome/backup-5feb/tritonresnet50_trt_uint8multiusergpu1c10n3,1,,226.0,,1130.0,1130.0,0.0,132.5879783630371,26.51759567260742,0,5
resnet50,tritonresnet50_trt_uint8multiusergpu1c10n4,/terrahome/backup-5feb/tritonresnet50_trt_uint8multiusergpu1c10n4,1,,225.8,,1129.0,1129.0,0.0,132.31192207336426,26.46238441467285,0,5
resnet50,tritonresnet50_trt_uint8multiusergpu1c10n5,/terrahome/backup-5feb/tritonresnet50_trt_uint8multiusergpu1c10n5,1,,226.2,,1131.0,1131.0,0.0,133.0347194671631,26.606943893432618,0,5
resnet50,tritonresnet50_trt_uint8multiusergpu1c10n6,/terrahome/backup-5feb/tritonresnet50_trt_uint8multiusergpu1c10n6,1,,226.2,,1131.0,1131.0,0.0,132.5797939300537,26.515958786010742,0,5
resnet50,tritonresnet50_trt_uint8multiusergpu1c10n7,/terrahome/backup-5feb/tritonresnet50_trt_uint8multiusergpu1c10n7,1,,226.4,,1132.0,1132.0,0.0,131.6092071533203,26.321841430664062,0,5
resnet50,tritonresnet50_trt_uint8multiusergpu1c10n8,/terrahome/backup-5feb/tritonresnet50_trt_uint8multiusergpu1c10n8,1,,226.4,,1132.0,1132.0,0.0,129.88818168640137,25.977636337280273,0,5
resnet50,tritonresnet50_trt_uint8multiusergpu1c10n9,/terrahome/backup-5feb/tritonresnet50_trt_uint8multiusergpu1c10n9,1,,226.2,,1131.0,1131.0,0.0,132.6677131652832,26.53354263305664,0,5
resnet50,tritonresnet50_trt_uint8multiusergpu2c10n1,/terrahome/backup-5feb/tritonresnet50_trt_uint8multiusergpu2c10n1,2,,250.8,,1254.0,1254.0,0.0,64.59335803985596,12.918671607971191,0,5
resnet50,tritonresnet50_trt_uint8multiusergpu2c10n10,/terrahome/backup-5feb/tritonresnet50_trt_uint8multiusergpu2c10n10,2,,250.6,,1253.0,1253.0,0.0,64.54196548461914,12.908393096923827,0,5
resnet50,tritonresnet50_trt_uint8multiusergpu2c10n2,/terrahome/backup-5feb/tritonresnet50_trt_uint8multiusergpu2c10n2,2,,250.8,,1254.0,1254.0,0.0,65.15020275115967,13.030040550231934,0,5
resnet50,tritonresnet50_trt_uint8multiusergpu2c10n3,/terrahome/backup-5feb/tritonresnet50_trt_uint8multiusergpu2c10n3,2,,251.2,,1256.0,1256.0,0.0,62.8531436920166,12.57062873840332,0,5
resnet50,tritonresnet50_trt_uint8multiusergpu2c10n4,/terrahome/backup-5feb/tritonresnet50_trt_uint8multiusergpu2c10n4,2,,251.0,,1255.0,1255.0,0.0,63.84563159942627,12.769126319885254,0,5
resnet50,tritonresnet50_trt_uint8multiusergpu2c10n5,/terrahome/backup-5feb/tritonresnet50_trt_uint8multiusergpu2c10n5,2,,250.8,,1254.0,1254.0,0.0,64.95548629760742,12.991097259521485,0,5
resnet50,tritonresnet50_trt_uint8multiusergpu2c10n6,/terrahome/backup-5feb/tritonresnet50_trt_uint8multiusergpu2c10n6,2,,251.0,,1255.0,1255.0,0.0,64.66535568237305,12.93307113647461,0,5
resnet50,tritonresnet50_trt_uint8multiusergpu2c10n7,/terrahome/backup-5feb/tritonresnet50_trt_uint8multiusergpu2c10n7,2,,250.8,,1254.0,1254.0,0.0,64.68033981323242,12.936067962646485,0,5
resnet50,tritonresnet50_trt_uint8multiusergpu2c10n8,/terrahome/backup-5feb/tritonresnet50_trt_uint8multiusergpu2c10n8,2,,251.0,,1255.0,1255.0,0.0,64.51248931884766,12.902497863769531,0,5
resnet50,tritonresnet50_trt_uint8multiusergpu2c10n9,/terrahome/backup-5feb/tritonresnet50_trt_uint8multiusergpu2c10n9,2,,250.0,,1250.0,1250.0,0.0,59.23117637634277,11.846235275268555,0,5
resnet50,tritonresnet50_trt_uint8multiusergpu4c10n1,/terrahome/backup-5feb/tritonresnet50_trt_uint8multiusergpu4c10n1,4,,288.2,,1441.0,1441.0,0.0,34.98027515411377,6.996055030822754,0,5
resnet50,tritonresnet50_trt_uint8multiusergpu4c10n10,/terrahome/backup-5feb/tritonresnet50_trt_uint8multiusergpu4c10n10,4,,288.0,,1440.0,1440.0,0.0,35.061147689819336,7.012229537963867,0,5
resnet50,tritonresnet50_trt_uint8multiusergpu4c10n2,/terrahome/backup-5feb/tritonresnet50_trt_uint8multiusergpu4c10n2,4,,288.2,,1441.0,1441.0,0.0,35.08815002441406,7.017630004882813,0,5
resnet50,tritonresnet50_trt_uint8multiusergpu4c10n3,/terrahome/backup-5feb/tritonresnet50_trt_uint8multiusergpu4c10n3,4,,288.2,,1441.0,1441.0,0.0,34.93046569824219,6.986093139648437,0,5
resnet50,tritonresnet50_trt_uint8multiusergpu4c10n4,/terrahome/backup-5feb/tritonresnet50_trt_uint8multiusergpu4c10n4,4,,287.6,,1438.0,1438.0,0.0,34.93201732635498,6.986403465270996,0,5
resnet50,tritonresnet50_trt_uint8multiusergpu4c10n5,/terrahome/backup-5feb/tritonresnet50_trt_uint8multiusergpu4c10n5,4,,288.4,,1442.0,1442.0,0.0,34.59904670715332,6.919809341430664,0,5
resnet50,tritonresnet50_trt_uint8multiusergpu4c10n6,/terrahome/backup-5feb/tritonresnet50_trt_uint8multiusergpu4c10n6,4,,288.8,,1444.0,1444.0,0.0,34.721670627593994,6.9443341255187985,0,5
resnet50,tritonresnet50_trt_uint8multiusergpu4c10n7,/terrahome/backup-5feb/tritonresnet50_trt_uint8multiusergpu4c10n7,4,,288.6,,1443.0,1443.0,0.0,34.78745222091675,6.95749044418335,0,5
resnet50,tritonresnet50_trt_uint8multiusergpu4c10n8,/terrahome/backup-5feb/tritonresnet50_trt_uint8multiusergpu4c10n8,4,,288.8,,1444.0,1444.0,0.0,34.147775173187256,6.829555034637451,0,5
resnet50,tritonresnet50_trt_uint8multiusergpu4c10n9,/terrahome/backup-5feb/tritonresnet50_trt_uint8multiusergpu4c10n9,4,,288.6,,1443.0,1443.0,0.0,34.20797109603882,6.841594219207764,0,5
resnet50,tritonresnet50_trt_uint8multiusergpu6c10n1,/terrahome/backup-5feb/tritonresnet50_trt_uint8multiusergpu6c10n1,6,,317.8,,1589.0,1589.0,0.0,24.71253204345703,4.942506408691406,0,5
resnet50,tritonresnet50_trt_uint8multiusergpu6c10n10,/terrahome/backup-5feb/tritonresnet50_trt_uint8multiusergpu6c10n10,6,,317.6,,1588.0,1588.0,0.0,23.985474586486816,4.797094917297363,0,5
resnet50,tritonresnet50_trt_uint8multiusergpu6c10n2,/terrahome/backup-5feb/tritonresnet50_trt_uint8multiusergpu6c10n2,6,,317.6,,1588.0,1588.0,0.0,23.438365936279297,4.687673187255859,0,5
resnet50,tritonresnet50_trt_uint8multiusergpu6c10n3,/terrahome/backup-5feb/tritonresnet50_trt_uint8multiusergpu6c10n3,6,,316.2,,1581.0,1581.0,0.0,24.569122791290283,4.913824558258057,0,5
resnet50,tritonresnet50_trt_uint8multiusergpu6c10n4,/terrahome/backup-5feb/tritonresnet50_trt_uint8multiusergpu6c10n4,6,,317.4,,1587.0,1587.0,0.0,23.640155792236328,4.728031158447266,0,5
resnet50,tritonresnet50_trt_uint8multiusergpu6c10n5,/terrahome/backup-5feb/tritonresnet50_trt_uint8multiusergpu6c10n5,6,,316.2,,1581.0,1581.0,0.0,24.618993997573853,4.9237987995147705,0,5
resnet50,tritonresnet50_trt_uint8multiusergpu6c10n6,/terrahome/backup-5feb/tritonresnet50_trt_uint8multiusergpu6c10n6,6,,317.8,,1589.0,1589.0,0.0,24.16599130630493,4.8331982612609865,0,5
resnet50,tritonresnet50_trt_uint8multiusergpu6c10n7,/terrahome/backup-5feb/tritonresnet50_trt_uint8multiusergpu6c10n7,6,,315.4,,1577.0,1577.0,0.0,24.738654136657715,4.947730827331543,0,5
resnet50,tritonresnet50_trt_uint8multiusergpu6c10n8,/terrahome/backup-5feb/tritonresnet50_trt_uint8multiusergpu6c10n8,6,,318.0,,1590.0,1590.0,0.0,24.450273990631104,4.89005479812622,0,5
resnet50,tritonresnet50_trt_uint8multiusergpu6c10n9,/terrahome/backup-5feb/tritonresnet50_trt_uint8multiusergpu6c10n9,6,,315.8,,1579.0,1579.0,0.0,24.467995166778564,4.893599033355713,0,5
resnet50,tritonresnet50_trt_uint8multiusergpu8c10n1,/terrahome/backup-5feb/tritonresnet50_trt_uint8multiusergpu8c10n1,8,,322.8,,1614.0,1614.0,0.0,23.183133602142334,4.636626720428467,0,5
resnet50,tritonresnet50_trt_uint8multiusergpu8c10n10,/terrahome/backup-5feb/tritonresnet50_trt_uint8multiusergpu8c10n10,8,,322.8,,1614.0,1614.0,0.0,23.36928081512451,4.673856163024903,0,5
resnet50,tritonresnet50_trt_uint8multiusergpu8c10n2,/terrahome/backup-5feb/tritonresnet50_trt_uint8multiusergpu8c10n2,8,,324.6,,1623.0,1623.0,0.0,23.141218185424805,4.628243637084961,0,5
resnet50,tritonresnet50_trt_uint8multiusergpu8c10n3,/terrahome/backup-5feb/tritonresnet50_trt_uint8multiusergpu8c10n3,8,,324.4,,1622.0,1622.0,0.0,22.734134197235107,4.5468268394470215,0,5
resnet50,tritonresnet50_trt_uint8multiusergpu8c10n4,/terrahome/backup-5feb/tritonresnet50_trt_uint8multiusergpu8c10n4,8,,321.0,,1605.0,1605.0,0.0,22.969562530517578,4.593912506103516,0,5
resnet50,tritonresnet50_trt_uint8multiusergpu8c10n5,/terrahome/backup-5feb/tritonresnet50_trt_uint8multiusergpu8c10n5,8,,325.0,,1625.0,1625.0,0.0,22.0485577583313,4.40971155166626,0,5
resnet50,tritonresnet50_trt_uint8multiusergpu8c10n6,/terrahome/backup-5feb/tritonresnet50_trt_uint8multiusergpu8c10n6,8,,325.2,,1626.0,1626.0,0.0,22.488149166107178,4.497629833221436,0,5
resnet50,tritonresnet50_trt_uint8multiusergpu8c10n7,/terrahome/backup-5feb/tritonresnet50_trt_uint8multiusergpu8c10n7,8,,324.0,,1620.0,1620.0,0.0,22.662121295928955,4.532424259185791,0,5
resnet50,tritonresnet50_trt_uint8multiusergpu8c10n8,/terrahome/backup-5feb/tritonresnet50_trt_uint8multiusergpu8c10n8,8,,324.6,,1623.0,1623.0,0.0,23.10325336456299,4.620650672912598,0,5
resnet50,tritonresnet50_trt_uint8multiusergpu8c10n9,/terrahome/backup-5feb/tritonresnet50_trt_uint8multiusergpu8c10n9,8,,324.4,,1622.0,1622.0,0.0,22.34152865409851,4.4683057308197025,0,5
resnet50,tritonresnet50gpu1bs128,/terrahome/backup-5feb/tritonresnet50gpu1bs128,1,245.2,339.2,584.4,2922.0,1696.0,1226.0,82.30915975570679,16.461831951141356,5,5
resnet50,tritonresnet50gpu1bs128inferenceonly,/terrahome/backup-5feb/tritonresnet50gpu1bs128inferenceonly,1,245.6,214.2,459.79999999999995,2299.0,1071.0,1228.0,79.82542037963867,15.965084075927734,5,5
resnet50,tritonresnet50gpu1bs256,/terrahome/backup-5feb/tritonresnet50gpu1bs256,1,230.6,329.8,560.4,2802.0,1649.0,1153.0,86.40735197067261,17.281470394134523,5,5
resnet50,tritonresnet50gpu1bs256inferenceonly,/terrahome/backup-5feb/tritonresnet50gpu1bs256inferenceonly,1,246.4,214.6,461.0,2305.0,1073.0,1232.0,82.00286054611206,16.400572109222413,5,5
resnet50,tritonresnet50gpu1bs32,/terrahome/backup-5feb/tritonresnet50gpu1bs32,1,211.2,351.5,562.7,2462.0,1406.0,1056.0,82.85559129714966,16.57111825942993,5,4
resnet50,tritonresnet50gpu1bs32inferenceonly,/terrahome/backup-5feb/tritonresnet50gpu1bs32inferenceonly,1,250.6,221.2,471.79999999999995,2359.0,1106.0,1253.0,64.05183219909668,12.810366439819337,5,5
resnet50,tritonresnet50gpu1bs64,/terrahome/backup-5feb/tritonresnet50gpu1bs64,1,240.4,366.8,607.2,3036.0,1834.0,1202.0,75.91688632965088,15.183377265930176,5,5
resnet50,tritonresnet50gpu1bs64inferenceonly,/terrahome/backup-5feb/tritonresnet50gpu1bs64inferenceonly,1,247.4,216.4,463.8,2319.0,1082.0,1237.0,71.83886671066284,14.367773342132569,5,5
resnet50,tritonresnet50gpu1limit1,/terrahome/backup-5feb/tritonresnet50gpu1limit1,1,191.8,294.6,486.40000000000003,2432.0,1473.0,959.0,114.39097690582275,22.878195381164552,5,5
resnet50,tritonresnet50gpu1limit16,/terrahome/backup-5feb/tritonresnet50gpu1limit16,1,246.4,337.8,584.2,2921.0,1689.0,1232.0,83.34538650512695,16.66907730102539,5,5
resnet50,tritonresnet50gpu1limit2,/terrahome/backup-5feb/tritonresnet50gpu1limit2,1,241.4,334.2,575.6,2878.0,1671.0,1207.0,82.29908180236816,16.45981636047363,5,5
resnet50,tritonresnet50gpu1limit20,/terrahome/backup-5feb/tritonresnet50gpu1limit20,1,238.2,334.4,572.5999999999999,2863.0,1672.0,1191.0,83.05379295349121,16.610758590698243,5,5
resnet50,tritonresnet50gpu1limit4,/terrahome/backup-5feb/tritonresnet50gpu1limit4,1,244.2,337.5,581.7,2571.0,1350.0,1221.0,83.0098237991333,16.60196475982666,5,4
resnet50,tritonresnet50gpu1limit8,/terrahome/backup-5feb/tritonresnet50gpu1limit8,1,247.0,337.5,584.5,2585.0,1350.0,1235.0,83.30755233764648,16.661510467529297,5,4
resnet50,tritonresnet50gpu2bs128,/terrahome/backup-5feb/tritonresnet50gpu2bs128,2,431.0,433.6,864.6,4323.0,2168.0,2155.0,45.732341051101685,9.146468210220338,5,5
resnet50,tritonresnet50gpu2bs128inferenceonly,/terrahome/backup-5feb/tritonresnet50gpu2bs128inferenceonly,2,462.0,233.2,695.2,3476.0,1166.0,2310.0,40.73635792732239,8.147271585464477,5,5
resnet50,tritonresnet50gpu2bs256,/terrahome/backup-5feb/tritonresnet50gpu2bs256,2,418.8,427.0,845.8,4229.0,2135.0,2094.0,47.42366003990173,9.484732007980346,5,5
resnet50,tritonresnet50gpu2bs256inferenceonly,/terrahome/backup-5feb/tritonresnet50gpu2bs256inferenceonly,2,456.2,233.0,689.2,3446.0,1165.0,2281.0,42.35047936439514,8.470095872879028,5,5
resnet50,tritonresnet50gpu2bs32,/terrahome/backup-5feb/tritonresnet50gpu2bs32,2,293.6,362.6,656.2,3281.0,1813.0,1468.0,80.96923828125,16.19384765625,5,5
resnet50,tritonresnet50gpu2bs32inferenceonly,/terrahome/backup-5feb/tritonresnet50gpu2bs32inferenceonly,2,457.2,244.0,701.2,3506.0,1220.0,2286.0,36.47773337364197,7.295546674728394,5,5
resnet50,tritonresnet50gpu2bs64,/terrahome/backup-5feb/tritonresnet50gpu2bs64,2,371.8,423.0,794.8,3974.0,2115.0,1859.0,53.337998390197754,10.66759967803955,5,5
resnet50,tritonresnet50gpu2bs64inferenceonly,/terrahome/backup-5feb/tritonresnet50gpu2bs64inferenceonly,2,459.6,236.6,696.2,3481.0,1183.0,2298.0,38.04847073554993,7.609694147109986,5,5
resnet50,tritonresnet50gpu2limit1,/terrahome/backup-5feb/tritonresnet50gpu2limit1,2,272.8,299.2,572.0,2860.0,1496.0,1364.0,113.16507339477539,22.633014678955078,5,5
resnet50,tritonresnet50gpu2limit16,/terrahome/backup-5feb/tritonresnet50gpu2limit16,2,442.8,437.8,880.6,4403.0,2189.0,2214.0,45.207783937454224,9.041556787490844,5,5
resnet50,tritonresnet50gpu2limit2,/terrahome/backup-5feb/tritonresnet50gpu2limit2,2,361.6,373.0,734.6,3673.0,1865.0,1808.0,62.01878213882446,12.403756427764893,5,5
resnet50,tritonresnet50gpu2limit20,/terrahome/backup-5feb/tritonresnet50gpu2limit20,2,432.2,438.4,870.5999999999999,4353.0,2192.0,2161.0,44.930675983428955,8.98613519668579,5,5
resnet50,tritonresnet50gpu2limit4,/terrahome/backup-5feb/tritonresnet50gpu2limit4,2,432.8,432.8,865.6,4328.0,2164.0,2164.0,45.069597005844116,9.013919401168824,5,5
resnet50,tritonresnet50gpu2limit8,/terrahome/backup-5feb/tritonresnet50gpu2limit8,2,428.2,432.8,861.0,4305.0,2164.0,2141.0,46.97301483154297,9.394602966308593,5,5
resnet50,tritonresnet50gpu4bs128,/terrahome/backup-5feb/tritonresnet50gpu4bs128,4,609.4,461.8,1071.2,5356.0,2309.0,3047.0,42.60957384109497,8.521914768218995,5,5
resnet50,tritonresnet50gpu4bs128inferenceonly,/terrahome/backup-5feb/tritonresnet50gpu4bs128inferenceonly,4,840.0,264.8,1104.8,5524.0,1324.0,4200.0,21.908624410629272,4.381724882125854,5,5
resnet50,tritonresnet50gpu4bs256,/terrahome/backup-5feb/tritonresnet50gpu4bs256,4,596.6,450.8,1047.4,5237.0,2254.0,2983.0,44.06684923171997,8.813369846343994,5,5
resnet50,tritonresnet50gpu4bs256inferenceonly,/terrahome/backup-5feb/tritonresnet50gpu4bs256inferenceonly,4,784.2,263.4,1047.6,5238.0,1317.0,3921.0,26.060040950775146,5.2120081901550295,5,5
resnet50,tritonresnet50gpu4bs32,/terrahome/backup-5feb/tritonresnet50gpu4bs32,4,445.8,359.2,805.0,4025.0,1796.0,2229.0,81.5856146812439,16.31712293624878,5,5
resnet50,tritonresnet50gpu4bs32inferenceonly,/terrahome/backup-5feb/tritonresnet50gpu4bs32inferenceonly,4,652.2,255.0,907.2,4536.0,1275.0,3261.0,33.40472745895386,6.680945491790771,5,5
resnet50,tritonresnet50gpu4bs64,/terrahome/backup-5feb/tritonresnet50gpu4bs64,4,527.0,425.8,952.8,4764.0,2129.0,2635.0,53.28889322280884,10.657778644561768,5,5
resnet50,tritonresnet50gpu4bs64inferenceonly,/terrahome/backup-5feb/tritonresnet50gpu4bs64inferenceonly,4,813.0,270.8,1083.8,5419.0,1354.0,4065.0,21.833970546722412,4.366794109344482,5,5
resnet50,tritonresnet50gpu4limit1,/terrahome/backup-5feb/tritonresnet50gpu4limit1,4,425.6,298.6,724.2,3621.0,1493.0,2128.0,113.05635023117065,22.611270046234132,5,5
resnet50,tritonresnet50gpu4limit16,/terrahome/backup-5feb/tritonresnet50gpu4limit16,4,607.4,460.4,1067.8,5339.0,2302.0,3037.0,41.50174355506897,8.300348711013793,5,5
resnet50,tritonresnet50gpu4limit2,/terrahome/backup-5feb/tritonresnet50gpu4limit2,4,517.8,380.8,898.5999999999999,4493.0,1904.0,2589.0,60.95821571350098,12.191643142700196,5,5
resnet50,tritonresnet50gpu4limit20,/terrahome/backup-5feb/tritonresnet50gpu4limit20,4,591.6,449.4,1041.0,5205.0,2247.0,2958.0,43.13662815093994,8.627325630187988,5,5
resnet50,tritonresnet50gpu4limit4,/terrahome/backup-5feb/tritonresnet50gpu4limit4,4,608.0,455.6,1063.6,5318.0,2278.0,3040.0,41.011096715927124,8.202219343185424,5,5
resnet50,tritonresnet50gpu4limit8,/terrahome/backup-5feb/tritonresnet50gpu4limit8,4,612.4,460.8,1073.2,5366.0,2304.0,3062.0,41.2397837638855,8.2479567527771,5,5
resnet50,tritonresnet50gpu6bs128,/terrahome/backup-5feb/tritonresnet50gpu6bs128,6,770.8,463.0,1233.8,6169.0,2315.0,3854.0,40.45891308784485,8.09178261756897,5,5
resnet50,tritonresnet50gpu6bs128inferenceonly,/terrahome/backup-5feb/tritonresnet50gpu6bs128inferenceonly,6,1040.6,273.6,1314.1999999999998,6571.0,1368.0,5203.0,19.802526473999023,3.9605052947998045,5,5
resnet50,tritonresnet50gpu6bs256,/terrahome/backup-5feb/tritonresnet50gpu6bs256,6,750.2,449.6,1199.8000000000002,5999.0,2248.0,3751.0,43.92134928703308,8.784269857406617,5,5
resnet50,tritonresnet50gpu6bs256inferenceonly,/terrahome/backup-5feb/tritonresnet50gpu6bs256inferenceonly,6,934.6,263.5,1198.1,5727.0,1054.0,4673.0,26.470693588256836,5.294138717651367,5,4
resnet50,tritonresnet50gpu6bs32,/terrahome/backup-5feb/tritonresnet50gpu6bs32,6,597.6,356.4,954.0,4770.0,1782.0,2988.0,84.06524085998535,16.81304817199707,5,5
resnet50,tritonresnet50gpu6bs32inferenceonly,/terrahome/backup-5feb/tritonresnet50gpu6bs32inferenceonly,6,807.2,256.4,1063.6,5318.0,1282.0,4036.0,33.27241921424866,6.654483842849731,5,5
resnet50,tritonresnet50gpu6bs64,/terrahome/backup-5feb/tritonresnet50gpu6bs64,6,686.0,434.2,1120.2,5601.0,2171.0,3430.0,53.34784650802612,10.669569301605225,5,5
resnet50,tritonresnet50gpu6bs64inferenceonly,/terrahome/backup-5feb/tritonresnet50gpu6bs64inferenceonly,6,949.6,267.6,1217.2,6086.0,1338.0,4748.0,23.59922170639038,4.719844341278076,5,5
resnet50,tritonresnet50gpu6limit1,/terrahome/backup-5feb/tritonresnet50gpu6limit1,6,577.8,295.4,873.1999999999999,4366.0,1477.0,2889.0,115.25384092330933,23.050768184661866,5,5
resnet50,tritonresnet50gpu6limit16,/terrahome/backup-5feb/tritonresnet50gpu6limit16,6,760.0,452.0,1212.0,5608.0,1808.0,3800.0,41.79190135002136,8.358380270004272,5,4
resnet50,tritonresnet50gpu6limit2,/terrahome/backup-5feb/tritonresnet50gpu6limit2,6,674.6,384.25,1058.85,4910.0,1537.0,3373.0,60.129897117614746,12.02597942352295,5,4
resnet50,tritonresnet50gpu6limit20,/terrahome/backup-5feb/tritonresnet50gpu6limit20,6,756.2,453.6,1209.8000000000002,6049.0,2268.0,3781.0,41.41028451919556,8.282056903839111,5,5
resnet50,tritonresnet50gpu6limit4,/terrahome/backup-5feb/tritonresnet50gpu6limit4,6,763.2,459.4,1222.6,6113.0,2297.0,3816.0,42.24236249923706,8.448472499847412,5,5
resnet50,tritonresnet50gpu6limit8,/terrahome/backup-5feb/tritonresnet50gpu6limit8,6,774.2,466.0,1240.2,6201.0,2330.0,3871.0,40.32191061973572,8.064382123947144,5,5
resnet50,tritonresnet50gpu8bs128,/terrahome/backup-5feb/tritonresnet50gpu8bs128,8,910.6,456.2,1366.8,6834.0,2281.0,4553.0,42.2786967754364,8.45573935508728,5,5
resnet50,tritonresnet50gpu8bs128inferenceonly,/terrahome/backup-5feb/tritonresnet50gpu8bs128inferenceonly,8,1204.6,265.4,1470.0,7350.0,1327.0,6023.0,18.855032205581665,3.771006441116333,5,5
resnet50,tritonresnet50gpu8bs256,/terrahome/backup-5feb/tritonresnet50gpu8bs256,8,905.8,454.4,1360.1999999999998,6801.0,2272.0,4529.0,43.28796100616455,8.65759220123291,5,5
resnet50,tritonresnet50gpu8bs256inferenceonly,/terrahome/backup-5feb/tritonresnet50gpu8bs256inferenceonly,8,1105.2,266.0,1371.2,6856.0,1330.0,5526.0,25.08240818977356,5.016481637954712,5,5
resnet50,tritonresnet50gpu8bs32,/terrahome/backup-5feb/tritonresnet50gpu8bs32,8,752.6,365.0,1117.6,5223.0,1460.0,3763.0,81.64288902282715,16.32857780456543,5,4
resnet50,tritonresnet50gpu8bs32inferenceonly,/terrahome/backup-5feb/tritonresnet50gpu8bs32inferenceonly,8,992.4,262.2,1254.6,6273.0,1311.0,4962.0,29.574954509735107,5.9149909019470215,5,5
resnet50,tritonresnet50gpu8bs64,/terrahome/backup-5feb/tritonresnet50gpu8bs64,8,835.0,419.5,1254.5,5853.0,1678.0,4175.0,52.882153034210205,10.576430606842042,5,4
resnet50,tritonresnet50gpu8bs64inferenceonly,/terrahome/backup-5feb/tritonresnet50gpu8bs64inferenceonly,8,1097.8,269.0,1366.8,6834.0,1345.0,5489.0,23.39707922935486,4.679415845870972,5,5
resnet50,tritonresnet50gpu8limit1,/terrahome/backup-5feb/tritonresnet50gpu8limit1,8,733.6,304.6,1038.2,5191.0,1523.0,3668.0,113.77191925048828,22.754383850097657,5,5
resnet50,tritonresnet50gpu8limit16,/terrahome/backup-5feb/tritonresnet50gpu8limit16,8,928.4,465.6,1394.0,6970.0,2328.0,4642.0,40.24098610877991,8.04819722175598,5,5
resnet50,tritonresnet50gpu8limit2,/terrahome/backup-5feb/tritonresnet50gpu8limit2,8,827.6,382.2,1209.8,6049.0,1911.0,4138.0,60.1360502243042,12.02721004486084,5,5
resnet50,tritonresnet50gpu8limit20,/terrahome/backup-5feb/tritonresnet50gpu8limit20,8,911.4,461.5,1372.9,6403.0,1846.0,4557.0,41.46257543563843,8.292515087127686,5,4
resnet50,tritonresnet50gpu8limit4,/terrahome/backup-5feb/tritonresnet50gpu8limit4,8,912.8,459.0,1371.8,6859.0,2295.0,4564.0,42.28599953651428,8.457199907302856,5,5
resnet50,tritonresnet50gpu8limit8,/terrahome/backup-5feb/tritonresnet50gpu8limit8,8,919.4,459.6,1379.0,6895.0,2298.0,4597.0,41.82278394699097,8.364556789398193,5,5
resnet50,tritonresnet50multiusergpu1c10n1,/terrahome/backup-5feb/tritonresnet50multiusergpu1c10n1,1,,221.6,,1108.0,1108.0,0.0,393.80321502685547,78.7606430053711,0,5
resnet50,tritonresnet50multiusergpu1c10n10,/terrahome/backup-5feb/tritonresnet50multiusergpu1c10n10,1,,221.4,,1107.0,1107.0,0.0,395.54661560058594,79.10932312011718,0,5
resnet50,tritonresnet50multiusergpu1c10n2,/terrahome/backup-5feb/tritonresnet50multiusergpu1c10n2,1,,221.4,,1107.0,1107.0,0.0,394.8758544921875,78.9751708984375,0,5
resnet50,tritonresnet50multiusergpu1c10n3,/terrahome/backup-5feb/tritonresnet50multiusergpu1c10n3,1,,221.6,,1108.0,1108.0,0.0,394.06082916259766,78.81216583251953,0,5
resnet50,tritonresnet50multiusergpu1c10n4,/terrahome/backup-5feb/tritonresnet50multiusergpu1c10n4,1,,221.4,,1107.0,1107.0,0.0,394.8909606933594,78.97819213867187,0,5
resnet50,tritonresnet50multiusergpu1c10n5,/terrahome/backup-5feb/tritonresnet50multiusergpu1c10n5,1,,221.6,,1108.0,1108.0,0.0,394.9233169555664,78.98466339111329,0,5
resnet50,tritonresnet50multiusergpu1c10n6,/terrahome/backup-5feb/tritonresnet50multiusergpu1c10n6,1,,221.6,,1108.0,1108.0,0.0,393.48253631591797,78.69650726318359,0,5
resnet50,tritonresnet50multiusergpu1c10n7,/terrahome/backup-5feb/tritonresnet50multiusergpu1c10n7,1,,221.6,,1108.0,1108.0,0.0,394.462646484375,78.892529296875,0,5
resnet50,tritonresnet50multiusergpu1c10n8,/terrahome/backup-5feb/tritonresnet50multiusergpu1c10n8,1,,221.6,,1108.0,1108.0,0.0,392.4821090698242,78.49642181396484,0,5
resnet50,tritonresnet50multiusergpu1c10n9,/terrahome/backup-5feb/tritonresnet50multiusergpu1c10n9,1,,221.4,,1107.0,1107.0,0.0,395.80777740478516,79.16155548095703,0,5
resnet50,tritonresnet50multiusergpu2c10n1,/terrahome/backup-5feb/tritonresnet50multiusergpu2c10n1,2,,238.5,,954.0,954.0,0.0,197.67230606079102,39.534461212158206,0,4
resnet50,tritonresnet50multiusergpu2c10n10,/terrahome/backup-5feb/tritonresnet50multiusergpu2c10n10,2,,238.5,,954.0,954.0,0.0,197.38871383666992,39.477742767333986,0,4
resnet50,tritonresnet50multiusergpu2c10n2,/terrahome/backup-5feb/tritonresnet50multiusergpu2c10n2,2,,238.75,,955.0,955.0,0.0,197.79155731201172,39.558311462402344,0,4
resnet50,tritonresnet50multiusergpu2c10n3,/terrahome/backup-5feb/tritonresnet50multiusergpu2c10n3,2,,238.75,,955.0,955.0,0.0,196.41152954101562,39.28230590820313,0,4
resnet50,tritonresnet50multiusergpu2c10n4,/terrahome/backup-5feb/tritonresnet50multiusergpu2c10n4,2,,238.75,,955.0,955.0,0.0,196.9674072265625,39.3934814453125,0,4
resnet50,tritonresnet50multiusergpu2c10n5,/terrahome/backup-5feb/tritonresnet50multiusergpu2c10n5,2,,238.5,,954.0,954.0,0.0,196.18010711669922,39.23602142333984,0,4
resnet50,tritonresnet50multiusergpu2c10n6,/terrahome/backup-5feb/tritonresnet50multiusergpu2c10n6,2,,238.25,,953.0,953.0,0.0,197.49778747558594,39.49955749511719,0,4
resnet50,tritonresnet50multiusergpu2c10n7,/terrahome/backup-5feb/tritonresnet50multiusergpu2c10n7,2,,238.5,,954.0,954.0,0.0,197.73236465454102,39.5464729309082,0,4
resnet50,tritonresnet50multiusergpu2c10n8,/terrahome/backup-5feb/tritonresnet50multiusergpu2c10n8,2,,238.5,,954.0,954.0,0.0,197.62338638305664,39.52467727661133,0,4
resnet50,tritonresnet50multiusergpu2c10n9,/terrahome/backup-5feb/tritonresnet50multiusergpu2c10n9,2,,238.25,,953.0,953.0,0.0,198.20042037963867,39.64008407592773,0,4
resnet50,tritonresnet50multiusergpu4c10n1,/terrahome/backup-5feb/tritonresnet50multiusergpu4c10n1,4,,265.0,,1325.0,1325.0,0.0,98.22033882141113,19.644067764282227,0,5
resnet50,tritonresnet50multiusergpu4c10n10,/terrahome/backup-5feb/tritonresnet50multiusergpu4c10n10,4,,264.6,,1323.0,1323.0,0.0,99.47693252563477,19.895386505126954,0,5
resnet50,tritonresnet50multiusergpu4c10n2,/terrahome/backup-5feb/tritonresnet50multiusergpu4c10n2,4,,265.2,,1326.0,1326.0,0.0,98.43055725097656,19.686111450195312,0,5
resnet50,tritonresnet50multiusergpu4c10n3,/terrahome/backup-5feb/tritonresnet50multiusergpu4c10n3,4,,264.8,,1324.0,1324.0,0.0,97.9699935913086,19.59399871826172,0,5
resnet50,tritonresnet50multiusergpu4c10n4,/terrahome/backup-5feb/tritonresnet50multiusergpu4c10n4,4,,264.8,,1324.0,1324.0,0.0,99.68612480163574,19.93722496032715,0,5
resnet50,tritonresnet50multiusergpu4c10n5,/terrahome/backup-5feb/tritonresnet50multiusergpu4c10n5,4,,264.8,,1324.0,1324.0,0.0,99.28682136535645,19.85736427307129,0,5
resnet50,tritonresnet50multiusergpu4c10n6,/terrahome/backup-5feb/tritonresnet50multiusergpu4c10n6,4,,264.8,,1324.0,1324.0,0.0,97.78435516357422,19.556871032714845,0,5
resnet50,tritonresnet50multiusergpu4c10n7,/terrahome/backup-5feb/tritonresnet50multiusergpu4c10n7,4,,265.0,,1325.0,1325.0,0.0,99.405029296875,19.881005859375,0,5
resnet50,tritonresnet50multiusergpu4c10n8,/terrahome/backup-5feb/tritonresnet50multiusergpu4c10n8,4,,264.6,,1323.0,1323.0,0.0,99.29934692382812,19.859869384765624,0,5
resnet50,tritonresnet50multiusergpu4c10n9,/terrahome/backup-5feb/tritonresnet50multiusergpu4c10n9,4,,265.0,,1325.0,1325.0,0.0,98.15667343139648,19.631334686279295,0,5
resnet50,tritonresnet50multiusergpu6c10n1,/terrahome/backup-5feb/tritonresnet50multiusergpu6c10n1,6,,291.0,,1455.0,1455.0,0.0,64.17845439910889,12.835690879821778,0,5
resnet50,tritonresnet50multiusergpu6c10n10,/terrahome/backup-5feb/tritonresnet50multiusergpu6c10n10,6,,290.6,,1453.0,1453.0,0.0,64.7293348312378,12.945866966247559,0,5
resnet50,tritonresnet50multiusergpu6c10n2,/terrahome/backup-5feb/tritonresnet50multiusergpu6c10n2,6,,291.2,,1456.0,1456.0,0.0,64.61364841461182,12.922729682922363,0,5
resnet50,tritonresnet50multiusergpu6c10n3,/terrahome/backup-5feb/tritonresnet50multiusergpu6c10n3,6,,291.0,,1455.0,1455.0,0.0,64.72889614105225,12.94577922821045,0,5
resnet50,tritonresnet50multiusergpu6c10n4,/terrahome/backup-5feb/tritonresnet50multiusergpu6c10n4,6,,290.4,,1452.0,1452.0,0.0,64.88418197631836,12.976836395263671,0,5
resnet50,tritonresnet50multiusergpu6c10n5,/terrahome/backup-5feb/tritonresnet50multiusergpu6c10n5,6,,290.6,,1453.0,1453.0,0.0,65.00833511352539,13.001667022705078,0,5
resnet50,tritonresnet50multiusergpu6c10n6,/terrahome/backup-5feb/tritonresnet50multiusergpu6c10n6,6,,290.6,,1453.0,1453.0,0.0,65.00673294067383,13.001346588134766,0,5
resnet50,tritonresnet50multiusergpu6c10n7,/terrahome/backup-5feb/tritonresnet50multiusergpu6c10n7,6,,290.2,,1451.0,1451.0,0.0,64.7117977142334,12.94235954284668,0,5
resnet50,tritonresnet50multiusergpu6c10n8,/terrahome/backup-5feb/tritonresnet50multiusergpu6c10n8,6,,290.8,,1454.0,1454.0,0.0,64.86217880249023,12.972435760498048,0,5
resnet50,tritonresnet50multiusergpu6c10n9,/terrahome/backup-5feb/tritonresnet50multiusergpu6c10n9,6,,290.4,,1452.0,1452.0,0.0,64.96381950378418,12.992763900756836,0,5
resnet50,tritonresnet50multiusergpu8c10n1,/terrahome/backup-5feb/tritonresnet50multiusergpu8c10n1,8,,313.2,,1566.0,1566.0,0.0,49.230549812316895,9.846109962463379,0,5
resnet50,tritonresnet50multiusergpu8c10n10,/terrahome/backup-5feb/tritonresnet50multiusergpu8c10n10,8,,314.2,,1571.0,1571.0,0.0,48.7687406539917,9.75374813079834,0,5
resnet50,tritonresnet50multiusergpu8c10n2,/terrahome/backup-5feb/tritonresnet50multiusergpu8c10n2,8,,314.0,,1570.0,1570.0,0.0,48.11426258087158,9.622852516174316,0,5
resnet50,tritonresnet50multiusergpu8c10n3,/terrahome/backup-5feb/tritonresnet50multiusergpu8c10n3,8,,314.4,,1572.0,1572.0,0.0,49.055673599243164,9.811134719848633,0,5
resnet50,tritonresnet50multiusergpu8c10n4,/terrahome/backup-5feb/tritonresnet50multiusergpu8c10n4,8,,313.8,,1569.0,1569.0,0.0,48.98536014556885,9.79707202911377,0,5
resnet50,tritonresnet50multiusergpu8c10n5,/terrahome/backup-5feb/tritonresnet50multiusergpu8c10n5,8,,313.6,,1568.0,1568.0,0.0,49.034393310546875,9.806878662109375,0,5
resnet50,tritonresnet50multiusergpu8c10n6,/terrahome/backup-5feb/tritonresnet50multiusergpu8c10n6,8,,313.4,,1567.0,1567.0,0.0,49.29430389404297,9.858860778808594,0,5
resnet50,tritonresnet50multiusergpu8c10n7,/terrahome/backup-5feb/tritonresnet50multiusergpu8c10n7,8,,313.4,,1567.0,1567.0,0.0,49.06301498413086,9.812602996826172,0,5
resnet50,tritonresnet50multiusergpu8c10n8,/terrahome/backup-5feb/tritonresnet50multiusergpu8c10n8,8,,314.0,,1570.0,1570.0,0.0,48.50327968597412,9.700655937194824,0,5
resnet50,tritonresnet50multiusergpu8c10n9,/terrahome/backup-5feb/tritonresnet50multiusergpu8c10n9,8,,314.4,,1572.0,1572.0,0.0,49.25435256958008,9.850870513916016,0,5
uni,pytorchunigpu1bs128,/terrahome/backup-5feb/pytorchunigpu1bs128,1,315.6,266.75,582.35,2645.0,1067.0,1578.0,176.9544734954834,35.39089469909668,5,4
uni,pytorchunigpu1bs128inferenceonly,/terrahome/backup-5feb/pytorchunigpu1bs128inferenceonly,1,317.8,209.4,527.2,2636.0,1047.0,1589.0,169.25262641906738,33.850525283813475,5,5
uni,pytorchunigpu1bs256,/terrahome/backup-5feb/pytorchunigpu1bs256,1,310.2,265.2,575.4,2877.0,1326.0,1551.0,175.88617420196533,35.17723484039307,5,5
uni,pytorchunigpu1bs256inferenceonly,/terrahome/backup-5feb/pytorchunigpu1bs256inferenceonly,1,319.8,209.25,529.05,2436.0,837.0,1599.0,172.77311420440674,34.55462284088135,5,4
uni,pytorchunigpu1bs32,/terrahome/backup-5feb/pytorchunigpu1bs32,1,305.0,300.2,605.2,3026.0,1501.0,1525.0,163.59247493743896,32.718494987487794,5,5
uni,pytorchunigpu1bs32inferenceonly,/terrahome/backup-5feb/pytorchunigpu1bs32inferenceonly,1,308.8,226.8,535.6,2678.0,1134.0,1544.0,157.68810653686523,31.537621307373048,5,5
uni,pytorchunigpu1bs64,/terrahome/backup-5feb/pytorchunigpu1bs64,1,320.2,286.4,606.5999999999999,3033.0,1432.0,1601.0,161.7665729522705,32.353314590454104,5,5
uni,pytorchunigpu1bs64inferenceonly,/terrahome/backup-5feb/pytorchunigpu1bs64inferenceonly,1,324.0,216.0,540.0,2700.0,1080.0,1620.0,155.09062385559082,31.018124771118163,5,5
uni,pytorchunigpu2bs128,/terrahome/backup-5feb/pytorchunigpu2bs128,2,600.2,324.0,924.2,4621.0,1620.0,3001.0,88.90265035629272,17.780530071258546,5,5
uni,pytorchunigpu2bs128inferenceonly,/terrahome/backup-5feb/pytorchunigpu2bs128inferenceonly,2,618.4,224.0,842.4,3988.0,896.0,3092.0,84.80005645751953,16.960011291503907,5,4
uni,pytorchunigpu2bs256,/terrahome/backup-5feb/pytorchunigpu2bs256,2,594.6,320.4,915.0,4575.0,1602.0,2973.0,89.60572481155396,17.92114496231079,5,5
uni,pytorchunigpu2bs256inferenceonly,/terrahome/backup-5feb/pytorchunigpu2bs256inferenceonly,2,615.4,219.6,835.0,4175.0,1098.0,3077.0,85.83754825592041,17.167509651184083,5,5
uni,pytorchunigpu2bs32,/terrahome/backup-5feb/pytorchunigpu2bs32,2,568.8,350.0,918.8,4594.0,1750.0,2844.0,87.11326217651367,17.422652435302734,5,5
uni,pytorchunigpu2bs32inferenceonly,/terrahome/backup-5feb/pytorchunigpu2bs32inferenceonly,2,594.8,234.4,829.1999999999999,4146.0,1172.0,2974.0,80.57223129272461,16.114446258544923,5,5
uni,pytorchunigpu2bs64,/terrahome/backup-5feb/pytorchunigpu2bs64,2,607.0,356.4,963.4,4817.0,1782.0,3035.0,81.17978000640869,16.23595600128174,5,5
uni,pytorchunigpu2bs64inferenceonly,/terrahome/backup-5feb/pytorchunigpu2bs64inferenceonly,2,623.2,224.4,847.6,4238.0,1122.0,3116.0,77.2169713973999,15.44339427947998,5,5
uni,pytorchunigpu4bs128,/terrahome/backup-5feb/pytorchunigpu4bs128,4,1105.4,427.8,1533.2,7666.0,2139.0,5527.0,46.84961462020874,9.369922924041749,5,5
uni,pytorchunigpu4bs128inferenceonly,/terrahome/backup-5feb/pytorchunigpu4bs128inferenceonly,4,1176.0,240.0,1416.0,7080.0,1200.0,5880.0,43.479763984680176,8.695952796936036,5,5
uni,pytorchunigpu4bs256,/terrahome/backup-5feb/pytorchunigpu4bs256,4,1065.4,408.0,1473.4,7367.0,2040.0,5327.0,48.41177415847778,9.682354831695557,5,5
uni,pytorchunigpu4bs256inferenceonly,/terrahome/backup-5feb/pytorchunigpu4bs256inferenceonly,4,1171.2,239.8,1411.0,7055.0,1199.0,5856.0,43.860888719558716,8.772177743911744,5,5
uni,pytorchunigpu4bs32,/terrahome/backup-5feb/pytorchunigpu4bs32,4,787.2,367.2,1154.4,5772.0,1836.0,3936.0,77.8393669128418,15.56787338256836,5,5
uni,pytorchunigpu4bs32inferenceonly,/terrahome/backup-5feb/pytorchunigpu4bs32inferenceonly,4,1151.2,251.2,1402.4,7012.0,1256.0,5756.0,40.43941950798035,8.087883901596069,5,5
uni,pytorchunigpu4bs64,/terrahome/backup-5feb/pytorchunigpu4bs64,4,994.6,431.0,1425.6,7128.0,2155.0,4973.0,51.39983892440796,10.279967784881592,5,5
uni,pytorchunigpu4bs64inferenceonly,/terrahome/backup-5feb/pytorchunigpu4bs64inferenceonly,4,1181.2,246.2,1427.4,7137.0,1231.0,5906.0,39.19155526161194,7.838311052322387,5,5
uni,pytorchunigpu6bs128,/terrahome/backup-5feb/pytorchunigpu6bs128,6,1377.6,459.6,1837.1999999999998,9186.0,2298.0,6888.0,40.1856050491333,8.03712100982666,5,5
uni,pytorchunigpu6bs128inferenceonly,/terrahome/backup-5feb/pytorchunigpu6bs128inferenceonly,6,1688.6,255.4,1944.0,9720.0,1277.0,8443.0,29.235947132110596,5.847189426422119,5,5
uni,pytorchunigpu6bs256,/terrahome/backup-5feb/pytorchunigpu6bs256,6,1401.2,456.2,1857.4,9287.0,2281.0,7006.0,40.44759750366211,8.089519500732422,5,5
uni,pytorchunigpu6bs256inferenceonly,/terrahome/backup-5feb/pytorchunigpu6bs256inferenceonly,6,1651.6,249.0,1900.6,9503.0,1245.0,8258.0,30.249672174453735,6.049934434890747,5,5
uni,pytorchunigpu6bs32,/terrahome/backup-5feb/pytorchunigpu6bs32,6,974.6,371.2,1345.8,6729.0,1856.0,4873.0,77.01606607437134,15.403213214874267,5,5
uni,pytorchunigpu6bs32inferenceonly,/terrahome/backup-5feb/pytorchunigpu6bs32inferenceonly,6,1508.2,264.8,1773.0,8865.0,1324.0,7541.0,36.106606006622314,7.2213212013244625,5,5
uni,pytorchunigpu6bs64,/terrahome/backup-5feb/pytorchunigpu6bs64,6,1155.6,421.25,1576.85,7463.0,1685.0,5778.0,51.879791259765625,10.375958251953126,5,4
uni,pytorchunigpu6bs64inferenceonly,/terrahome/backup-5feb/pytorchunigpu6bs64inferenceonly,6,1672.4,267.6,1940.0,9700.0,1338.0,8362.0,27.09265899658203,5.418531799316407,5,5
uni,pytorchunigpu8bs128,/terrahome/backup-5feb/pytorchunigpu8bs128,8,1580.8,468.2,2049.0,10245.0,2341.0,7904.0,38.61731481552124,7.723462963104248,5,5
uni,pytorchunigpu8bs128inferenceonly,/terrahome/backup-5feb/pytorchunigpu8bs128inferenceonly,8,2133.4,265.4,2398.8,11994.0,1327.0,10667.0,24.328638315200806,4.865727663040161,5,5
uni,pytorchunigpu8bs256,/terrahome/backup-5feb/pytorchunigpu8bs256,8,1522.2,454.4,1976.6,9883.0,2272.0,7611.0,42.42961144447327,8.485922288894653,5,5
uni,pytorchunigpu8bs256inferenceonly,/terrahome/backup-5feb/pytorchunigpu8bs256inferenceonly,8,2179.4,263.8,2443.2000000000003,12216.0,1319.0,10897.0,22.718142986297607,4.543628597259522,5,5
uni,pytorchunigpu8bs32,/terrahome/backup-5feb/pytorchunigpu8bs32,8,1118.0,369.8,1487.8,7439.0,1849.0,5590.0,77.63249492645264,15.526498985290527,5,5
uni,pytorchunigpu8bs32inferenceonly,/terrahome/backup-5feb/pytorchunigpu8bs32inferenceonly,8,1670.4,263.2,1933.6000000000001,9668.0,1316.0,8352.0,36.89268255233765,7.378536510467529,5,5
uni,pytorchunigpu8bs64,/terrahome/backup-5feb/pytorchunigpu8bs64,8,1349.8,432.6,1782.4,8912.0,2163.0,6749.0,51.653969049453735,10.330793809890746,5,5
uni,pytorchunigpu8bs64inferenceonly,/terrahome/backup-5feb/pytorchunigpu8bs64inferenceonly,8,2065.0,264.5,2329.5,11383.0,1058.0,10325.0,21.798736810684204,4.359747362136841,5,4
uni,tritonunigpu1bs128,/terrahome/backup-5feb/tritonunigpu1bs128,1,309.6,274.4,584.0,2920.0,1372.0,1548.0,183.0207977294922,36.60415954589844,5,5
uni,tritonunigpu1bs128inferenceonly,/terrahome/backup-5feb/tritonunigpu1bs128inferenceonly,1,310.0,213.0,523.0,2402.0,852.0,1550.0,177.20333766937256,35.44066753387451,5,4
uni,tritonunigpu1bs256,/terrahome/backup-5feb/tritonunigpu1bs256,1,303.0,271.2,574.2,2871.0,1356.0,1515.0,180.932523727417,36.1865047454834,5,5
uni,tritonunigpu1bs256inferenceonly,/terrahome/backup-5feb/tritonunigpu1bs256inferenceonly,1,312.6,211.2,523.8,2619.0,1056.0,1563.0,180.16383171081543,36.032766342163086,5,5
uni,tritonunigpu1bs32,/terrahome/backup-5feb/tritonunigpu1bs32,1,301.0,303.8,604.8,3024.0,1519.0,1505.0,166.24025440216064,33.24805088043213,5,5
uni,tritonunigpu1bs32inferenceonly,/terrahome/backup-5feb/tritonunigpu1bs32inferenceonly,1,304.2,230.4,534.6,2673.0,1152.0,1521.0,161.8478651046753,32.36957302093506,5,5
uni,tritonunigpu1bs64,/terrahome/backup-5feb/tritonunigpu1bs64,1,312.0,293.0,605.0,3025.0,1465.0,1560.0,165.55548763275146,33.111097526550296,5,5
uni,tritonunigpu1bs64inferenceonly,/terrahome/backup-5feb/tritonunigpu1bs64inferenceonly,1,311.0,217.8,528.8,2644.0,1089.0,1555.0,159.10891342163086,31.821782684326173,5,5
uni,tritonunigpu1limit1,/terrahome/backup-5feb/tritonunigpu1limit1,1,276.2,261.4,537.5999999999999,2688.0,1307.0,1381.0,207.8486671447754,41.569733428955075,5,5
uni,tritonunigpu1limit16,/terrahome/backup-5feb/tritonunigpu1limit16,1,309.6,272.5,582.1,2638.0,1090.0,1548.0,183.7613868713379,36.75227737426758,5,4
uni,tritonunigpu1limit2,/terrahome/backup-5feb/tritonunigpu1limit2,1,307.4,272.6,580.0,2900.0,1363.0,1537.0,181.1575984954834,36.23151969909668,5,5
uni,tritonunigpu1limit20,/terrahome/backup-5feb/tritonunigpu1limit20,1,303.6,277.2,580.8,2904.0,1386.0,1518.0,180.06175899505615,36.01235179901123,5,5
uni,tritonunigpu1limit4,/terrahome/backup-5feb/tritonunigpu1limit4,1,310.6,272.4,583.0,2915.0,1362.0,1553.0,182.37352752685547,36.47470550537109,5,5
uni,tritonunigpu1limit8,/terrahome/backup-5feb/tritonunigpu1limit8,1,310.4,274.0,584.4,2922.0,1370.0,1552.0,183.05948448181152,36.6118968963623,5,5
uni,tritonunigpu2bs128,/terrahome/backup-5feb/tritonunigpu2bs128,2,586.0,349.0,935.0,4675.0,1745.0,2930.0,93.45531272888184,18.69106254577637,5,5
uni,tritonunigpu2bs128inferenceonly,/terrahome/backup-5feb/tritonunigpu2bs128inferenceonly,2,599.4,234.0,833.4,4167.0,1170.0,2997.0,88.6142463684082,17.72284927368164,5,5
uni,tritonunigpu2bs256,/terrahome/backup-5feb/tritonunigpu2bs256,2,575.4,334.0,909.4,4547.0,1670.0,2877.0,93.25757217407227,18.65151443481445,5,5
uni,tritonunigpu2bs256inferenceonly,/terrahome/backup-5feb/tritonunigpu2bs256inferenceonly,2,601.2,232.6,833.8000000000001,4169.0,1163.0,3006.0,90.14063119888306,18.02812623977661,5,5
uni,tritonunigpu2bs32,/terrahome/backup-5feb/tritonunigpu2bs32,2,540.0,374.4,914.4,4572.0,1872.0,2700.0,92.35824775695801,18.4716495513916,5,5
uni,tritonunigpu2bs32inferenceonly,/terrahome/backup-5feb/tritonunigpu2bs32inferenceonly,2,586.8,262.2,849.0,4245.0,1311.0,2934.0,81.97758293151855,16.39551658630371,5,5
uni,tritonunigpu2bs64,/terrahome/backup-5feb/tritonunigpu2bs64,2,589.0,377.8,966.8,4834.0,1889.0,2945.0,84.79099416732788,16.958198833465577,5,5
uni,tritonunigpu2bs64inferenceonly,/terrahome/backup-5feb/tritonunigpu2bs64inferenceonly,2,607.2,246.6,853.8000000000001,4269.0,1233.0,3036.0,80.09377861022949,16.0187557220459,5,5
uni,tritonunigpu2limit1,/terrahome/backup-5feb/tritonunigpu2limit1,2,356.8,260.75,617.55,2827.0,1043.0,1784.0,204.1369743347168,40.82739486694336,5,4
uni,tritonunigpu2limit16,/terrahome/backup-5feb/tritonunigpu2limit16,2,589.4,344.8,934.2,4671.0,1724.0,2947.0,93.23502731323242,18.647005462646483,5,5
uni,tritonunigpu2limit2,/terrahome/backup-5feb/tritonunigpu2limit2,2,531.6,323.0,854.6,4273.0,1615.0,2658.0,107.19028759002686,21.438057518005373,5,5
uni,tritonunigpu2limit20,/terrahome/backup-5feb/tritonunigpu2limit20,2,579.6,341.6,921.2,4606.0,1708.0,2898.0,92.0106840133667,18.40213680267334,5,5
uni,tritonunigpu2limit4,/terrahome/backup-5feb/tritonunigpu2limit4,2,586.6,339.8,926.4000000000001,4632.0,1699.0,2933.0,92.69519567489624,18.539039134979248,5,5
uni,tritonunigpu2limit8,/terrahome/backup-5feb/tritonunigpu2limit8,2,588.2,343.8,932.0,4660.0,1719.0,2941.0,93.49680709838867,18.699361419677736,5,5
uni,tritonunigpu4bs128,/terrahome/backup-5feb/tritonunigpu4bs128,4,1039.8,442.4,1482.1999999999998,7411.0,2212.0,5199.0,52.680333852767944,10.536066770553589,5,5
uni,tritonunigpu4bs128inferenceonly,/terrahome/backup-5feb/tritonunigpu4bs128inferenceonly,4,1138.6,272.6,1411.1999999999998,7056.0,1363.0,5693.0,44.82039523124695,8.96407904624939,5,5
uni,tritonunigpu4bs256,/terrahome/backup-5feb/tritonunigpu4bs256,4,1054.2,437.6,1491.8000000000002,7459.0,2188.0,5271.0,50.320740699768066,10.064148139953613,5,5
uni,tritonunigpu4bs256inferenceonly,/terrahome/backup-5feb/tritonunigpu4bs256inferenceonly,4,1131.4,262.6,1394.0,6970.0,1313.0,5657.0,45.88294696807861,9.176589393615723,5,5
uni,tritonunigpu4bs32,/terrahome/backup-5feb/tritonunigpu4bs32,4,709.8,368.8,1078.6,5393.0,1844.0,3549.0,93.48841953277588,18.697683906555177,5,5
uni,tritonunigpu4bs32inferenceonly,/terrahome/backup-5feb/tritonunigpu4bs32inferenceonly,4,1111.0,313.8,1424.8,7124.0,1569.0,5555.0,42.051819801330566,8.410363960266114,5,5
uni,tritonunigpu4bs64,/terrahome/backup-5feb/tritonunigpu4bs64,4,876.8,418.0,1294.8,6056.0,1672.0,4384.0,63.49388551712036,12.698777103424073,5,4
uni,tritonunigpu4bs64inferenceonly,/terrahome/backup-5feb/tritonunigpu4bs64inferenceonly,4,1157.2,291.0,1448.2,6950.0,1164.0,5786.0,40.5651113986969,8.11302227973938,5,4
uni,tritonunigpu4limit1,/terrahome/backup-5feb/tritonunigpu4limit1,4,505.0,262.6,767.6,3838.0,1313.0,2525.0,208.7041540145874,41.74083080291748,5,5
uni,tritonunigpu4limit16,/terrahome/backup-5feb/tritonunigpu4limit16,4,1063.8,444.2,1508.0,7540.0,2221.0,5319.0,51.3617799282074,10.272355985641479,5,5
uni,tritonunigpu4limit2,/terrahome/backup-5feb/tritonunigpu4limit2,4,687.6,326.6,1014.2,5071.0,1633.0,3438.0,104.90783405303955,20.98156681060791,5,5
uni,tritonunigpu4limit20,/terrahome/backup-5feb/tritonunigpu4limit20,4,1057.8,445.8,1503.6,7518.0,2229.0,5289.0,50.02534580230713,10.005069160461426,5,5
uni,tritonunigpu4limit4,/terrahome/backup-5feb/tritonunigpu4limit4,4,986.0,419.0,1405.0,7025.0,2095.0,4930.0,57.088099002838135,11.417619800567627,5,5
uni,tritonunigpu4limit8,/terrahome/backup-5feb/tritonunigpu4limit8,4,1059.4,441.4,1500.8000000000002,7504.0,2207.0,5297.0,50.77753400802612,10.155506801605224,5,5
uni,tritonunigpu6bs128,/terrahome/backup-5feb/tritonunigpu6bs128,6,1239.6,450.4,1690.0,8450.0,2252.0,6198.0,49.51119661331177,9.902239322662354,5,5
uni,tritonunigpu6bs128inferenceonly,/terrahome/backup-5feb/tritonunigpu6bs128inferenceonly,6,1618.2,292.0,1910.2,9259.0,1168.0,8091.0,30.659055471420288,6.131811094284058,5,4
uni,tritonunigpu6bs256,/terrahome/backup-5feb/tritonunigpu6bs256,6,1262.6,453.4,1716.0,8580.0,2267.0,6313.0,47.296321868896484,9.459264373779297,5,5
uni,tritonunigpu6bs256inferenceonly,/terrahome/backup-5feb/tritonunigpu6bs256inferenceonly,6,1610.6,285.2,1895.8,9479.0,1426.0,8053.0,31.905800580978394,6.381160116195678,5,5
uni,tritonunigpu6bs32,/terrahome/backup-5feb/tritonunigpu6bs32,6,873.0,376.2,1249.2,6246.0,1881.0,4365.0,93.56002998352051,18.7120059967041,5,5
uni,tritonunigpu6bs32inferenceonly,/terrahome/backup-5feb/tritonunigpu6bs32inferenceonly,6,1560.2,351.6,1911.8000000000002,9559.0,1758.0,7801.0,32.02054166793823,6.404108333587646,5,5
uni,tritonunigpu6bs64,/terrahome/backup-5feb/tritonunigpu6bs64,6,1035.2,411.8,1447.0,7235.0,2059.0,5176.0,64.51739311218262,12.903478622436523,5,5
uni,tritonunigpu6bs64inferenceonly,/terrahome/backup-5feb/tritonunigpu6bs64inferenceonly,6,1658.0,315.6,1973.6,9868.0,1578.0,8290.0,27.72572636604309,5.545145273208618,5,5
uni,tritonunigpu6limit1,/terrahome/backup-5feb/tritonunigpu6limit1,6,663.4,266.6,930.0,4650.0,1333.0,3317.0,203.119402885437,40.623880577087405,5,5
uni,tritonunigpu6limit16,/terrahome/backup-5feb/tritonunigpu6limit16,6,1268.6,463.2,1731.8,8659.0,2316.0,6343.0,47.59607005119324,9.519214010238647,5,5
uni,tritonunigpu6limit2,/terrahome/backup-5feb/tritonunigpu6limit2,6,843.2,327.8,1171.0,5855.0,1639.0,4216.0,104.60693597793579,20.921387195587158,5,5
uni,tritonunigpu6limit20,/terrahome/backup-5feb/tritonunigpu6limit20,6,1247.4,455.0,1702.4,8512.0,2275.0,6237.0,48.25505828857422,9.651011657714843,5,5
uni,tritonunigpu6limit4,/terrahome/backup-5feb/tritonunigpu6limit4,6,1128.0,416.5,1544.5,7306.0,1666.0,5640.0,57.454041481018066,11.490808296203614,5,4
uni,tritonunigpu6limit8,/terrahome/backup-5feb/tritonunigpu6limit8,6,1249.2,458.2,1707.4,8537.0,2291.0,6246.0,48.766127586364746,9.753225517272949,5,5
uni,tritonunigpu8bs128,/terrahome/backup-5feb/tritonunigpu8bs128,8,1391.0,449.8,1840.8,9204.0,2249.0,6955.0,50.545276165008545,10.109055233001708,5,5
uni,tritonunigpu8bs128inferenceonly,/terrahome/backup-5feb/tritonunigpu8bs128inferenceonly,8,2063.6,318.0,2381.6,11908.0,1590.0,10318.0,24.05316710472107,4.810633420944214,5,5
uni,tritonunigpu8bs256,/terrahome/backup-5feb/tritonunigpu8bs256,8,1406.0,453.4,1859.4,9297.0,2267.0,7030.0,47.33779454231262,9.467558908462525,5,5
uni,tritonunigpu8bs256inferenceonly,/terrahome/backup-5feb/tritonunigpu8bs256inferenceonly,8,1936.4,296.6,2233.0,11165.0,1483.0,9682.0,28.13199520111084,5.626399040222168,5,5
uni,tritonunigpu8bs32,/terrahome/backup-5feb/tritonunigpu8bs32,8,1029.6,375.6,1405.1999999999998,7026.0,1878.0,5148.0,94.2790002822876,18.855800056457518,5,5
uni,tritonunigpu8bs32inferenceonly,/terrahome/backup-5feb/tritonunigpu8bs32inferenceonly,8,1788.4,370.0,2158.4,10792.0,1850.0,8942.0,32.06352210044861,6.412704420089722,5,5
uni,tritonunigpu8bs64,/terrahome/backup-5feb/tritonunigpu8bs64,8,1176.6,408.4,1585.0,7925.0,2042.0,5883.0,64.56869983673096,12.913739967346192,5,5
uni,tritonunigpu8bs64inferenceonly,/terrahome/backup-5feb/tritonunigpu8bs64inferenceonly,8,2029.8,338.4,2368.2,11841.0,1692.0,10149.0,23.43392777442932,4.686785554885864,5,5
uni,tritonunigpu8limit1,/terrahome/backup-5feb/tritonunigpu8limit1,8,815.4,268.4,1083.8,5419.0,1342.0,4077.0,203.36555671691895,40.67311134338379,5,5
uni,tritonunigpu8limit16,/terrahome/backup-5feb/tritonunigpu8limit16,8,1404.4,457.4,1861.8000000000002,9309.0,2287.0,7022.0,48.682459115982056,9.736491823196411,5,5
uni,tritonunigpu8limit2,/terrahome/backup-5feb/tritonunigpu8limit2,8,999.0,327.2,1326.2,6631.0,1636.0,4995.0,103.97650241851807,20.795300483703613,5,5
uni,tritonunigpu8limit20,/terrahome/backup-5feb/tritonunigpu8limit20,8,1435.0,465.4,1900.4,9502.0,2327.0,7175.0,46.22535228729248,9.245070457458496,5,5
uni,tritonunigpu8limit4,/terrahome/backup-5feb/tritonunigpu8limit4,8,1289.0,422.0,1711.0,8555.0,2110.0,6445.0,56.47353267669678,11.294706535339355,5,5
uni,tritonunigpu8limit8,/terrahome/backup-5feb/tritonunigpu8limit8,8,1429.6,461.6,1891.1999999999998,9456.0,2308.0,7148.0,46.333812952041626,9.266762590408325,5,5
uni,tritonunimultiusergpu1c10n1,/terrahome/backup-5feb/tritonunimultiusergpu1c10n1,1,,223.4,,1117.0,1117.0,0.0,928.9144744873047,185.78289489746095,0,5
uni,tritonunimultiusergpu1c10n10,/terrahome/backup-5feb/tritonunimultiusergpu1c10n10,1,,223.4,,1117.0,1117.0,0.0,929.2285919189453,185.84571838378906,0,5
uni,tritonunimultiusergpu1c10n2,/terrahome/backup-5feb/tritonunimultiusergpu1c10n2,1,,223.4,,1117.0,1117.0,0.0,931.6924896240234,186.3384979248047,0,5
uni,tritonunimultiusergpu1c10n3,/terrahome/backup-5feb/tritonunimultiusergpu1c10n3,1,,223.4,,1117.0,1117.0,0.0,925.8099212646484,185.1619842529297,0,5
uni,tritonunimultiusergpu1c10n4,/terrahome/backup-5feb/tritonunimultiusergpu1c10n4,1,,223.4,,1117.0,1117.0,0.0,931.1513519287109,186.2302703857422,0,5
uni,tritonunimultiusergpu1c10n5,/terrahome/backup-5feb/tritonunimultiusergpu1c10n5,1,,223.4,,1117.0,1117.0,0.0,927.9322509765625,185.5864501953125,0,5
uni,tritonunimultiusergpu1c10n6,/terrahome/backup-5feb/tritonunimultiusergpu1c10n6,1,,223.4,,1117.0,1117.0,0.0,932.9198608398438,186.58397216796874,0,5
uni,tritonunimultiusergpu1c10n7,/terrahome/backup-5feb/tritonunimultiusergpu1c10n7,1,,223.4,,1117.0,1117.0,0.0,933.08984375,186.61796875,0,5
uni,tritonunimultiusergpu1c10n8,/terrahome/backup-5feb/tritonunimultiusergpu1c10n8,1,,223.4,,1117.0,1117.0,0.0,930.0135192871094,186.00270385742186,0,5
uni,tritonunimultiusergpu1c10n9,/terrahome/backup-5feb/tritonunimultiusergpu1c10n9,1,,223.4,,1117.0,1117.0,0.0,932.0753936767578,186.41507873535156,0,5
uni,tritonunimultiusergpu2c10n1,/terrahome/backup-5feb/tritonunimultiusergpu2c10n1,2,,244.25,,977.0,977.0,0.0,456.5895309448242,91.31790618896484,0,4
uni,tritonunimultiusergpu2c10n10,/terrahome/backup-5feb/tritonunimultiusergpu2c10n10,2,,244.5,,978.0,978.0,0.0,454.21631622314453,90.8432632446289,0,4
uni,tritonunimultiusergpu2c10n2,/terrahome/backup-5feb/tritonunimultiusergpu2c10n2,2,,244.0,,976.0,976.0,0.0,451.68560791015625,90.33712158203124,0,4
uni,tritonunimultiusergpu2c10n3,/terrahome/backup-5feb/tritonunimultiusergpu2c10n3,2,,244.5,,978.0,978.0,0.0,456.8186340332031,91.36372680664063,0,4
uni,tritonunimultiusergpu2c10n4,/terrahome/backup-5feb/tritonunimultiusergpu2c10n4,2,,244.25,,977.0,977.0,0.0,454.37169647216797,90.8743392944336,0,4
uni,tritonunimultiusergpu2c10n5,/terrahome/backup-5feb/tritonunimultiusergpu2c10n5,2,,244.5,,978.0,978.0,0.0,456.23632049560547,91.2472640991211,0,4
uni,tritonunimultiusergpu2c10n6,/terrahome/backup-5feb/tritonunimultiusergpu2c10n6,2,,244.5,,978.0,978.0,0.0,455.6937255859375,91.1387451171875,0,4
uni,tritonunimultiusergpu2c10n7,/terrahome/backup-5feb/tritonunimultiusergpu2c10n7,2,,244.5,,978.0,978.0,0.0,455.0657196044922,91.01314392089844,0,4
uni,tritonunimultiusergpu2c10n8,/terrahome/backup-5feb/tritonunimultiusergpu2c10n8,2,,244.25,,977.0,977.0,0.0,456.6674041748047,91.33348083496094,0,4
uni,tritonunimultiusergpu2c10n9,/terrahome/backup-5feb/tritonunimultiusergpu2c10n9,2,,244.5,,978.0,978.0,0.0,454.94256591796875,90.98851318359375,0,4
uni,tritonunimultiusergpu4c10n1,/terrahome/backup-5feb/tritonunimultiusergpu4c10n1,4,,275.25,,1101.0,1101.0,0.0,223.79974746704102,44.7599494934082,0,4
uni,tritonunimultiusergpu4c10n10,/terrahome/backup-5feb/tritonunimultiusergpu4c10n10,4,,275.5,,1102.0,1102.0,0.0,223.68647003173828,44.73729400634765,0,4
uni,tritonunimultiusergpu4c10n2,/terrahome/backup-5feb/tritonunimultiusergpu4c10n2,4,,275.25,,1101.0,1101.0,0.0,223.4448013305664,44.688960266113284,0,4
uni,tritonunimultiusergpu4c10n3,/terrahome/backup-5feb/tritonunimultiusergpu4c10n3,4,,275.25,,1101.0,1101.0,0.0,220.5581398010254,44.11162796020508,0,4
uni,tritonunimultiusergpu4c10n4,/terrahome/backup-5feb/tritonunimultiusergpu4c10n4,4,,275.5,,1102.0,1102.0,0.0,223.08794403076172,44.61758880615234,0,4
uni,tritonunimultiusergpu4c10n5,/terrahome/backup-5feb/tritonunimultiusergpu4c10n5,4,,275.75,,1103.0,1103.0,0.0,222.26431274414062,44.45286254882812,0,4
uni,tritonunimultiusergpu4c10n6,/terrahome/backup-5feb/tritonunimultiusergpu4c10n6,4,,275.75,,1103.0,1103.0,0.0,220.15269470214844,44.030538940429686,0,4
uni,tritonunimultiusergpu4c10n7,/terrahome/backup-5feb/tritonunimultiusergpu4c10n7,4,,275.5,,1102.0,1102.0,0.0,222.96063232421875,44.59212646484375,0,4
uni,tritonunimultiusergpu4c10n8,/terrahome/backup-5feb/tritonunimultiusergpu4c10n8,4,,275.25,,1101.0,1101.0,0.0,223.93307495117188,44.786614990234376,0,4
uni,tritonunimultiusergpu4c10n9,/terrahome/backup-5feb/tritonunimultiusergpu4c10n9,4,,275.5,,1102.0,1102.0,0.0,223.2268180847168,44.64536361694336,0,4
uni,tritonunimultiusergpu6c10n1,/terrahome/backup-5feb/tritonunimultiusergpu6c10n1,6,,303.0,,1515.0,1515.0,0.0,144.46753883361816,28.893507766723634,0,5
uni,tritonunimultiusergpu6c10n10,/terrahome/backup-5feb/tritonunimultiusergpu6c10n10,6,,303.8,,1519.0,1519.0,0.0,147.28016471862793,29.456032943725585,0,5
uni,tritonunimultiusergpu6c10n2,/terrahome/backup-5feb/tritonunimultiusergpu6c10n2,6,,303.8,,1519.0,1519.0,0.0,147.36423683166504,29.472847366333006,0,5
uni,tritonunimultiusergpu6c10n3,/terrahome/backup-5feb/tritonunimultiusergpu6c10n3,6,,304.0,,1520.0,1520.0,0.0,147.81430625915527,29.562861251831055,0,5
uni,tritonunimultiusergpu6c10n4,/terrahome/backup-5feb/tritonunimultiusergpu6c10n4,6,,303.8,,1519.0,1519.0,0.0,147.70484924316406,29.540969848632812,0,5
uni,tritonunimultiusergpu6c10n5,/terrahome/backup-5feb/tritonunimultiusergpu6c10n5,6,,303.6,,1518.0,1518.0,0.0,147.72047996520996,29.544095993041992,0,5
uni,tritonunimultiusergpu6c10n6,/terrahome/backup-5feb/tritonunimultiusergpu6c10n6,6,,303.8,,1519.0,1519.0,0.0,147.7309112548828,29.546182250976564,0,5
uni,tritonunimultiusergpu6c10n7,/terrahome/backup-5feb/tritonunimultiusergpu6c10n7,6,,303.8,,1519.0,1519.0,0.0,146.37826919555664,29.275653839111328,0,5
uni,tritonunimultiusergpu6c10n8,/terrahome/backup-5feb/tritonunimultiusergpu6c10n8,6,,303.6,,1518.0,1518.0,0.0,148.0946979522705,29.6189395904541,0,5
uni,tritonunimultiusergpu6c10n9,/terrahome/backup-5feb/tritonunimultiusergpu6c10n9,6,,303.8,,1519.0,1519.0,0.0,146.89179611206055,29.378359222412108,0,5
uni,tritonunimultiusergpu8c10n1,/terrahome/backup-5feb/tritonunimultiusergpu8c10n1,8,,339.0,,1695.0,1695.0,0.0,110.44497680664062,22.088995361328124,0,5
uni,tritonunimultiusergpu8c10n10,/terrahome/backup-5feb/tritonunimultiusergpu8c10n10,8,,339.4,,1697.0,1697.0,0.0,109.80475044250488,21.960950088500976,0,5
uni,tritonunimultiusergpu8c10n2,/terrahome/backup-5feb/tritonunimultiusergpu8c10n2,8,,338.8,,1694.0,1694.0,0.0,110.32738304138184,22.065476608276366,0,5
uni,tritonunimultiusergpu8c10n3,/terrahome/backup-5feb/tritonunimultiusergpu8c10n3,8,,339.0,,1695.0,1695.0,0.0,110.63833236694336,22.127666473388672,0,5
uni,tritonunimultiusergpu8c10n4,/terrahome/backup-5feb/tritonunimultiusergpu8c10n4,8,,339.2,,1696.0,1696.0,0.0,109.96422004699707,21.992844009399413,0,5
uni,tritonunimultiusergpu8c10n5,/terrahome/backup-5feb/tritonunimultiusergpu8c10n5,8,,338.6,,1693.0,1693.0,0.0,109.61273765563965,21.92254753112793,0,5
uni,tritonunimultiusergpu8c10n6,/terrahome/backup-5feb/tritonunimultiusergpu8c10n6,8,,338.6,,1693.0,1693.0,0.0,110.71143341064453,22.142286682128905,0,5
uni,tritonunimultiusergpu8c10n7,/terrahome/backup-5feb/tritonunimultiusergpu8c10n7,8,,339.0,,1695.0,1695.0,0.0,110.37855911254883,22.075711822509767,0,5
uni,tritonunimultiusergpu8c10n8,/terrahome/backup-5feb/tritonunimultiusergpu8c10n8,8,,339.4,,1697.0,1697.0,0.0,109.30342102050781,21.860684204101563,0,5
uni,tritonunimultiusergpu8c10n9,/terrahome/backup-5feb/tritonunimultiusergpu8c10n9,8,,339.4,,1697.0,1697.0,0.0,109.83633995056152,21.967267990112305,0,5
